customer_id,card_type,card_number,expiry_date,billing_address_id,created_at
CUST-0757,Visa,**** **** **** 5286,11/29,ADDR-00530,2025-09-12
CUST-0878,MasterCard,**** **** **** 9969,08/27,ADDR-00510,2024-06-12
CUST-0199,Discover,**** **** **** 4075,09/29,ADDR-00132,2024-02-14
CUST-0275,MasterCard,**** **** **** 3537,11/24,ADDR-00290,2024-12-14
CUST-0410,Amex,**** **** **** 3799,09/28,ADDR-01322,2024-11-16
CUST-0683,Amex,**** **** **** 7678,05/25,ADDR-00043,2023-09-06
CUST-0901,Discover,**** **** **** 3138,06/29,ADDR-01486,2025-05-15
CUST-0542,Discover,**** **** **** 4504,02/26,ADDR-00516,2023-03-26
CUST-0474,Visa,**** **** **** 7392,05/29,ADDR-00799,2023-06-10
CUST-0364,Amex,**** **** **** 5761,01/25,ADDR-00826,2025-03-18
CUST-0235,Amex,**** **** **** 6569,09/29,ADDR-00383,2023-10-28
CUST-0197,Visa,**** **** **** 2386,08/27,ADDR-00631,2024-02-26
CUST-0812,Amex,**** **** **** 5761,09/28,ADDR-01087,2024-06-01
CUST-0939,Visa,**** **** **** 4700,12/24,ADDR-00755,2023-09-05
CUST-0570,MasterCard,**** **** **** 5512,06/29,ADDR-00275,2024-04-21
CUST-0625,Visa,**** **** **** 6569,01/26,ADDR-01407,2024-10-16
CUST-0059,Amex,**** **** **** 4912,04/25,ADDR-00428,2025-09-20
CUST-0784,Amex,**** **** **** 4183,09/26,ADDR-01203,2023-11-19
CUST-0905,Visa,**** **** **** 7467,12/25,ADDR-00290,2025-04-05
CUST-0105,Visa,**** **** **** 2549,12/28,ADDR-00932,2024-06-22
CUST-0478,Visa,**** **** **** 9919,01/28,ADDR-00407,2023-09-04
CUST-0608,Visa,**** **** **** 4243,08/25,ADDR-00276,2024-02-19
CUST-0660,Amex,**** **** **** 4698,01/27,ADDR-00072,2025-01-10
CUST-0079,Visa,**** **** **** 9272,08/30,ADDR-00671,2024-02-03
CUST-0098,Discover,**** **** **** 9203,07/30,ADDR-01132,2025-01-07
CUST-0885,Visa,**** **** **** 1174,03/25,ADDR-00055,2025-04-10
CUST-0031,Visa,**** **** **** 6481,07/24,ADDR-01126,2023-05-11
CUST-0858,Visa,**** **** **** 5004,12/27,ADDR-00684,2024-04-28
CUST-0653,Discover,**** **** **** 5323,12/26,ADDR-01221,2023-05-03
CUST-0984,Discover,**** **** **** 1050,10/29,ADDR-00438,2024-02-06
CUST-0377,Amex,**** **** **** 3194,01/24,ADDR-00638,2024-09-10
CUST-0073,Visa,**** **** **** 9617,11/30,ADDR-01178,2023-10-21
CUST-0112,Amex,**** **** **** 4700,04/27,ADDR-01086,2024-05-03
CUST-0352,Visa,**** **** **** 3282,07/25,ADDR-00350,2025-04-14
CUST-0741,MasterCard,**** **** **** 4532,10/28,ADDR-01036,2023-06-01
CUST-0076,MasterCard,**** **** **** 8393,05/26,ADDR-00692,2024-03-04
CUST-0079,Visa,**** **** **** 5180,01/29,ADDR-01497,2023-10-29
CUST-0134,Discover,**** **** **** 1702,06/29,ADDR-00044,2025-03-07
CUST-0812,Amex,**** **** **** 4893,08/27,ADDR-00878,2024-03-21
CUST-0990,Visa,**** **** **** 9508,12/24,ADDR-00239,2025-02-03
CUST-0132,Discover,**** **** **** 1294,01/25,ADDR-00114,2024-06-16
CUST-0907,MasterCard,**** **** **** 6919,07/27,ADDR-01245,2023-04-01
CUST-0838,Visa,**** **** **** 7328,03/29,ADDR-00934,2023-03-16
CUST-0329,MasterCard,**** **** **** 2637,03/30,ADDR-00448,2023-09-18
CUST-0920,Amex,**** **** **** 6829,01/30,ADDR-00881,2024-06-05
CUST-0564,MasterCard,**** **** **** 8147,10/24,ADDR-00995,2024-10-03
CUST-0868,Discover,**** **** **** 7954,09/29,ADDR-00293,2024-09-28
CUST-0216,Amex,**** **** **** 5757,12/24,ADDR-00238,2023-09-05
CUST-0312,Visa,**** **** **** 9647,08/30,ADDR-00398,2023-12-17
CUST-0306,MasterCard,**** **** **** 8813,11/28,ADDR-01083,2023-05-20
CUST-0418,Visa,**** **** **** 4472,04/29,ADDR-00767,2024-09-21
CUST-0742,Visa,**** **** **** 1874,02/29,ADDR-00759,2024-04-07
CUST-0708,Visa,**** **** **** 1778,09/26,ADDR-01157,2024-08-17
CUST-0725,Visa,**** **** **** 5740,05/28,ADDR-00373,2025-08-15
CUST-0017,Discover,**** **** **** 5181,10/30,ADDR-00340,2024-02-17
CUST-0775,Discover,**** **** **** 7158,11/26,ADDR-01132,2024-10-19
CUST-0620,Discover,**** **** **** 2468,09/26,ADDR-00298,2024-07-02
CUST-0803,Amex,**** **** **** 7293,11/28,ADDR-00509,2023-05-31
CUST-0339,Visa,**** **** **** 5823,01/30,ADDR-01025,2025-06-27
CUST-0318,MasterCard,**** **** **** 3869,04/24,ADDR-00379,2025-05-09
CUST-0800,MasterCard,**** **** **** 5823,03/30,ADDR-00881,2024-02-18
CUST-0578,Visa,**** **** **** 7681,10/29,ADDR-00048,2024-07-25
CUST-0485,MasterCard,**** **** **** 7520,11/24,ADDR-00937,2025-02-21
CUST-0428,Visa,**** **** **** 8241,03/29,ADDR-00443,2023-11-13
CUST-0576,MasterCard,**** **** **** 9519,10/25,ADDR-00668,2024-11-17
CUST-0679,Amex,**** **** **** 4997,09/25,ADDR-01347,2025-07-07
CUST-0575,Visa,**** **** **** 5664,01/26,ADDR-00835,2025-06-27
CUST-0680,Visa,**** **** **** 3334,12/28,ADDR-01250,2024-03-20
CUST-0350,Visa,**** **** **** 9998,03/27,ADDR-01210,2025-02-20
CUST-0368,MasterCard,**** **** **** 8113,11/26,ADDR-00192,2025-03-13
CUST-0564,Discover,**** **** **** 7198,06/27,ADDR-01291,2023-03-16
CUST-0946,MasterCard,**** **** **** 1244,09/27,ADDR-00873,2023-04-11
CUST-0689,MasterCard,**** **** **** 4117,09/26,ADDR-01171,2023-12-11
CUST-0946,Visa,**** **** **** 5127,04/30,ADDR-00547,2024-02-13
CUST-0555,MasterCard,**** **** **** 4942,10/30,ADDR-00637,2025-05-20
CUST-0522,Amex,**** **** **** 1664,01/30,ADDR-00337,2024-05-04
CUST-0771,MasterCard,**** **** **** 1016,01/29,ADDR-01053,2024-03-20
CUST-0615,Discover,**** **** **** 7378,02/24,ADDR-00240,2025-05-03
CUST-0782,Discover,**** **** **** 9255,04/24,ADDR-00167,2024-11-15
CUST-0198,Amex,**** **** **** 1417,01/24,ADDR-00769,2024-06-24
CUST-0058,Amex,**** **** **** 2312,05/29,ADDR-01243,2023-03-16
CUST-0879,Amex,**** **** **** 1890,08/27,ADDR-00363,2025-06-02
CUST-0645,MasterCard,**** **** **** 8263,11/27,ADDR-01285,2023-05-28
CUST-0052,Amex,**** **** **** 4612,11/26,ADDR-00554,2023-01-18
CUST-0918,Discover,**** **** **** 8219,08/28,ADDR-00577,2024-02-05
CUST-0167,Visa,**** **** **** 8356,03/29,ADDR-00826,2025-02-20
CUST-0884,Discover,**** **** **** 3130,10/25,ADDR-00706,2023-01-20
CUST-0569,Visa,**** **** **** 9062,12/29,ADDR-00972,2025-08-02
CUST-0394,Visa,**** **** **** 3637,10/29,ADDR-01233,2023-03-10
CUST-0788,Amex,**** **** **** 1372,07/28,ADDR-01382,2024-06-30
CUST-0270,Visa,**** **** **** 4199,04/25,ADDR-00930,2023-08-26
CUST-0092,MasterCard,**** **** **** 6147,06/29,ADDR-00351,2023-07-27
CUST-0354,Discover,**** **** **** 2781,08/28,ADDR-00163,2024-04-20
CUST-0011,MasterCard,**** **** **** 3691,11/24,ADDR-00161,2024-09-09
CUST-0168,Visa,**** **** **** 7223,02/25,ADDR-00865,2023-09-01
CUST-0845,Amex,**** **** **** 3168,08/27,ADDR-01119,2024-08-10
CUST-1000,Amex,**** **** **** 7160,02/25,ADDR-00447,2024-04-03
CUST-0077,Amex,**** **** **** 6031,05/28,ADDR-00101,2025-01-13
CUST-0985,MasterCard,**** **** **** 6292,01/25,ADDR-00811,2023-10-29
CUST-0523,Visa,**** **** **** 2548,07/26,ADDR-00584,2023-02-24
CUST-0243,Discover,**** **** **** 4356,11/26,ADDR-00209,2024-02-12
CUST-0482,Visa,**** **** **** 3322,08/29,ADDR-01024,2024-11-14
CUST-0526,MasterCard,**** **** **** 4058,02/24,ADDR-00331,2024-10-16
CUST-0095,Discover,**** **** **** 9785,03/24,ADDR-01287,2023-07-18
CUST-0268,Discover,**** **** **** 3811,10/28,ADDR-00697,2025-01-22
CUST-0850,Discover,**** **** **** 8175,04/30,ADDR-00873,2025-06-06
CUST-0847,MasterCard,**** **** **** 9836,04/24,ADDR-01056,2023-07-01
CUST-0557,Amex,**** **** **** 7691,01/26,ADDR-00469,2024-08-09
CUST-0769,Discover,**** **** **** 1375,08/30,ADDR-01440,2024-08-25
CUST-0558,Discover,**** **** **** 7599,11/24,ADDR-00929,2024-05-04
CUST-0717,Visa,**** **** **** 7597,08/25,ADDR-00830,2024-06-14
CUST-0799,MasterCard,**** **** **** 1253,06/30,ADDR-00005,2024-01-21
CUST-0554,MasterCard,**** **** **** 2382,11/30,ADDR-00351,2023-07-04
CUST-0230,Amex,**** **** **** 6372,11/25,ADDR-00177,2024-02-07
CUST-0696,Amex,**** **** **** 1243,06/28,ADDR-00917,2025-08-17
CUST-0108,Amex,**** **** **** 7634,10/25,ADDR-00150,2024-06-19
CUST-0667,MasterCard,**** **** **** 2191,10/25,ADDR-00671,2024-08-04
CUST-0408,Discover,**** **** **** 1646,09/28,ADDR-01095,2025-03-02
CUST-0699,Amex,**** **** **** 4853,07/28,ADDR-01248,2024-07-08
CUST-0296,Visa,**** **** **** 3594,03/24,ADDR-00678,2025-03-28
CUST-0035,MasterCard,**** **** **** 9884,07/29,ADDR-01226,2025-01-03
CUST-0709,Amex,**** **** **** 9312,05/29,ADDR-00267,2023-11-02
CUST-0904,Amex,**** **** **** 9391,09/29,ADDR-00136,2024-10-24
CUST-0087,Amex,**** **** **** 6681,08/29,ADDR-01118,2024-06-03
CUST-0469,Visa,**** **** **** 8231,02/26,ADDR-00367,2023-08-29
CUST-0917,Discover,**** **** **** 8333,07/27,ADDR-00402,2024-07-06
CUST-0788,MasterCard,**** **** **** 1429,10/27,ADDR-00563,2024-01-25
CUST-0799,Visa,**** **** **** 2040,12/29,ADDR-01360,2025-09-23
CUST-0473,Discover,**** **** **** 9719,08/27,ADDR-01110,2023-06-03
CUST-0878,Discover,**** **** **** 9287,08/29,ADDR-00316,2025-05-07
CUST-0855,MasterCard,**** **** **** 6244,09/28,ADDR-00402,2024-05-20
CUST-0768,Visa,**** **** **** 9718,06/29,ADDR-01074,2023-01-01
CUST-0409,MasterCard,**** **** **** 4890,06/24,ADDR-01425,2023-10-03
CUST-0905,Visa,**** **** **** 6904,07/27,ADDR-01491,2024-09-26
CUST-0340,Discover,**** **** **** 1627,01/29,ADDR-00256,2023-06-21
CUST-0287,MasterCard,**** **** **** 6613,06/26,ADDR-00515,2023-07-06
CUST-0957,Discover,**** **** **** 8547,10/27,ADDR-00402,2023-05-24
CUST-0362,Amex,**** **** **** 4042,11/25,ADDR-01299,2025-09-01
CUST-0137,Amex,**** **** **** 7412,04/30,ADDR-00399,2024-07-13
CUST-0984,Visa,**** **** **** 6573,07/25,ADDR-00534,2023-03-23
CUST-0701,Amex,**** **** **** 4057,09/30,ADDR-00692,2025-01-09
CUST-0955,Discover,**** **** **** 3914,06/27,ADDR-00344,2025-09-18
CUST-0590,MasterCard,**** **** **** 7613,10/25,ADDR-01423,2023-08-16
CUST-0352,Amex,**** **** **** 2674,04/30,ADDR-01034,2023-04-19
CUST-0574,Discover,**** **** **** 7049,06/24,ADDR-01323,2024-05-16
CUST-0532,Amex,**** **** **** 7328,09/26,ADDR-00033,2024-09-16
CUST-0329,Discover,**** **** **** 5707,05/25,ADDR-00016,2023-07-18
CUST-0314,Visa,**** **** **** 9393,10/24,ADDR-00232,2025-07-24
CUST-0493,Discover,**** **** **** 3700,01/25,ADDR-01069,2025-05-03
CUST-0722,Amex,**** **** **** 4866,05/30,ADDR-00078,2023-03-30
CUST-0859,Amex,**** **** **** 4443,07/26,ADDR-00181,2023-11-30
CUST-0301,Discover,**** **** **** 2761,06/30,ADDR-00672,2023-07-27
CUST-0110,MasterCard,**** **** **** 3842,06/28,ADDR-00440,2025-04-17
CUST-0430,Discover,**** **** **** 9593,02/25,ADDR-00873,2024-04-03
CUST-0872,Amex,**** **** **** 1750,01/28,ADDR-00545,2025-09-02
CUST-0867,MasterCard,**** **** **** 2787,05/30,ADDR-00179,2023-02-06
CUST-0795,Amex,**** **** **** 3905,08/27,ADDR-01261,2024-06-25
CUST-0971,Visa,**** **** **** 9580,08/28,ADDR-00124,2024-09-11
CUST-0751,MasterCard,**** **** **** 8831,01/26,ADDR-00740,2023-05-13
CUST-0241,Amex,**** **** **** 7589,03/25,ADDR-00678,2024-07-24
CUST-0829,Discover,**** **** **** 7817,01/26,ADDR-01196,2024-06-02
CUST-0426,Discover,**** **** **** 9829,08/26,ADDR-00612,2025-06-02
CUST-0172,MasterCard,**** **** **** 9072,12/26,ADDR-01045,2023-12-12
CUST-0759,Amex,**** **** **** 9869,11/26,ADDR-01205,2024-03-08
CUST-0988,Amex,**** **** **** 6199,12/30,ADDR-01257,2023-10-22
CUST-0183,MasterCard,**** **** **** 5989,10/24,ADDR-00170,2025-04-11
CUST-0710,Discover,**** **** **** 6444,01/25,ADDR-00013,2025-06-22
CUST-0041,Visa,**** **** **** 3554,05/26,ADDR-01310,2023-08-24
CUST-0601,MasterCard,**** **** **** 2191,04/25,ADDR-01317,2025-06-17
CUST-0846,Visa,**** **** **** 6340,06/24,ADDR-00427,2023-01-06
CUST-0332,Amex,**** **** **** 8872,01/28,ADDR-00418,2024-10-10
CUST-0649,Discover,**** **** **** 3984,11/24,ADDR-00582,2023-11-07
CUST-0292,Discover,**** **** **** 7321,10/28,ADDR-01468,2024-05-17
CUST-0148,Discover,**** **** **** 4638,07/27,ADDR-01306,2025-03-18
CUST-0452,Amex,**** **** **** 7771,03/29,ADDR-00014,2023-05-13
CUST-0376,MasterCard,**** **** **** 7042,05/25,ADDR-00143,2024-06-22
CUST-0224,MasterCard,**** **** **** 9902,02/29,ADDR-00274,2023-07-14
CUST-0857,Visa,**** **** **** 3069,04/28,ADDR-00294,2025-06-18
CUST-0862,Visa,**** **** **** 5994,10/24,ADDR-00121,2024-01-22
CUST-0757,Visa,**** **** **** 2472,09/25,ADDR-00851,2023-09-26
CUST-0502,MasterCard,**** **** **** 4341,12/28,ADDR-00949,2023-12-20
CUST-0025,MasterCard,**** **** **** 8727,07/28,ADDR-01447,2023-03-31
CUST-0682,Discover,**** **** **** 3899,03/26,ADDR-00984,2024-04-20
CUST-0329,Amex,**** **** **** 6950,09/29,ADDR-00545,2024-05-10
CUST-0139,Discover,**** **** **** 3535,10/24,ADDR-00667,2023-05-26
CUST-0634,Visa,**** **** **** 9371,11/29,ADDR-00929,2024-01-27
CUST-0922,MasterCard,**** **** **** 2675,07/24,ADDR-01126,2025-06-08
CUST-0187,Discover,**** **** **** 2981,11/27,ADDR-00360,2023-03-06
CUST-0469,MasterCard,**** **** **** 4249,08/30,ADDR-01469,2025-01-15
CUST-0223,MasterCard,**** **** **** 1479,06/25,ADDR-00354,2023-06-08
CUST-0591,MasterCard,**** **** **** 7749,03/24,ADDR-00875,2025-03-29
CUST-0335,Visa,**** **** **** 5967,04/28,ADDR-01128,2023-05-28
CUST-0243,MasterCard,**** **** **** 6326,11/26,ADDR-01439,2025-09-14
CUST-0251,MasterCard,**** **** **** 6246,09/26,ADDR-00547,2024-03-03
CUST-0126,Discover,**** **** **** 8586,12/29,ADDR-01010,2023-08-13
CUST-0166,Discover,**** **** **** 5748,04/24,ADDR-01170,2023-12-07
CUST-0268,Amex,**** **** **** 9161,10/29,ADDR-01485,2023-04-30
CUST-0185,Discover,**** **** **** 8189,01/25,ADDR-01170,2023-06-28
CUST-0451,Visa,**** **** **** 3655,01/26,ADDR-00505,2024-11-13
CUST-0923,Discover,**** **** **** 9634,08/29,ADDR-00231,2023-08-08
CUST-0503,Amex,**** **** **** 3265,10/28,ADDR-01063,2023-09-06
CUST-0134,MasterCard,**** **** **** 1460,11/30,ADDR-00202,2023-05-18
CUST-0813,Amex,**** **** **** 7506,12/30,ADDR-01488,2025-06-02
CUST-0056,MasterCard,**** **** **** 3838,01/24,ADDR-00544,2025-02-18
CUST-0568,Discover,**** **** **** 8628,09/28,ADDR-01037,2025-06-03
CUST-0583,Discover,**** **** **** 6723,11/25,ADDR-01420,2025-01-27
CUST-0740,Amex,**** **** **** 9426,06/25,ADDR-00485,2024-10-14
CUST-0548,Discover,**** **** **** 1997,01/25,ADDR-00036,2023-10-12
CUST-0310,MasterCard,**** **** **** 7354,11/24,ADDR-01173,2025-05-25
CUST-0814,Amex,**** **** **** 2793,08/24,ADDR-00711,2025-05-05
CUST-0893,MasterCard,**** **** **** 4441,12/28,ADDR-00192,2023-01-24
CUST-0798,MasterCard,**** **** **** 3743,12/28,ADDR-00714,2024-11-10
CUST-0025,Visa,**** **** **** 5960,04/27,ADDR-00568,2024-10-31
CUST-0889,MasterCard,**** **** **** 1928,10/30,ADDR-00403,2025-07-22
CUST-0006,Discover,**** **** **** 8702,02/25,ADDR-01407,2024-08-30
CUST-0512,Visa,**** **** **** 2886,03/27,ADDR-00100,2024-10-10
CUST-0155,MasterCard,**** **** **** 2893,04/25,ADDR-00242,2025-06-06
CUST-0704,Discover,**** **** **** 7719,08/30,ADDR-01353,2023-05-23
CUST-0055,Visa,**** **** **** 2462,02/24,ADDR-00784,2024-02-17
CUST-0108,MasterCard,**** **** **** 3960,01/24,ADDR-01265,2025-01-08
CUST-0033,Discover,**** **** **** 3228,12/26,ADDR-01356,2025-01-30
CUST-0948,Discover,**** **** **** 5074,04/28,ADDR-01495,2023-08-08
CUST-0038,Amex,**** **** **** 4153,07/27,ADDR-00691,2023-08-02
CUST-0550,Visa,**** **** **** 3930,08/29,ADDR-01363,2025-04-10
CUST-0309,Visa,**** **** **** 3451,05/25,ADDR-00206,2023-04-03
CUST-0292,Visa,**** **** **** 7468,11/28,ADDR-00288,2025-08-02
CUST-0346,Visa,**** **** **** 6351,03/25,ADDR-01222,2023-10-21
CUST-0385,MasterCard,**** **** **** 1280,10/25,ADDR-01435,2025-05-17
CUST-0376,Amex,**** **** **** 7234,02/30,ADDR-01342,2023-01-02
CUST-0825,MasterCard,**** **** **** 6656,03/30,ADDR-01423,2024-08-20
CUST-0509,Visa,**** **** **** 2592,04/27,ADDR-00243,2023-05-26
CUST-0283,MasterCard,**** **** **** 7944,06/28,ADDR-00669,2024-07-06
CUST-0376,Discover,**** **** **** 6028,03/25,ADDR-00056,2023-09-23
CUST-0965,Visa,**** **** **** 3558,01/25,ADDR-00987,2025-08-10
CUST-0056,Discover,**** **** **** 3017,06/28,ADDR-00332,2024-05-05
CUST-0237,Discover,**** **** **** 5553,01/25,ADDR-01227,2024-09-26
CUST-0063,Discover,**** **** **** 2398,07/27,ADDR-01210,2023-01-23
CUST-0423,MasterCard,**** **** **** 3129,03/30,ADDR-00577,2024-06-27
CUST-0666,Visa,**** **** **** 6609,06/26,ADDR-00325,2025-04-27
CUST-0900,Visa,**** **** **** 4634,12/29,ADDR-00585,2023-02-03
CUST-0256,Visa,**** **** **** 3042,01/28,ADDR-00744,2025-07-18
CUST-0927,Discover,**** **** **** 9132,10/30,ADDR-01311,2024-04-07
CUST-0378,Discover,**** **** **** 6050,10/24,ADDR-00760,2024-03-29
CUST-0605,Amex,**** **** **** 7094,05/27,ADDR-00354,2025-08-26
CUST-0253,Amex,**** **** **** 8857,02/25,ADDR-00515,2024-04-17
CUST-0445,Visa,**** **** **** 2811,01/28,ADDR-00122,2025-02-26
CUST-0122,Visa,**** **** **** 1634,04/24,ADDR-00845,2024-07-21
CUST-0236,Visa,**** **** **** 8361,07/26,ADDR-00185,2024-05-15
CUST-0166,Discover,**** **** **** 9458,01/28,ADDR-00027,2024-06-13
CUST-0100,Amex,**** **** **** 8336,02/25,ADDR-01214,2023-02-01
CUST-0890,Visa,**** **** **** 6615,12/24,ADDR-00950,2023-03-28
CUST-0201,Visa,**** **** **** 7694,08/24,ADDR-00505,2023-02-25
CUST-0474,MasterCard,**** **** **** 6441,02/24,ADDR-00590,2024-01-05
CUST-0994,Amex,**** **** **** 9061,05/25,ADDR-00821,2023-06-29
CUST-0117,MasterCard,**** **** **** 1406,01/28,ADDR-00892,2023-07-06
CUST-0358,Amex,**** **** **** 8320,07/29,ADDR-00880,2024-09-02
CUST-0260,Discover,**** **** **** 1486,04/24,ADDR-01150,2023-01-06
CUST-0342,MasterCard,**** **** **** 4282,10/27,ADDR-00321,2025-04-22
CUST-0830,Discover,**** **** **** 5165,07/27,ADDR-00895,2025-04-22
CUST-0153,Visa,**** **** **** 6787,10/24,ADDR-01075,2023-09-04
CUST-0851,MasterCard,**** **** **** 8782,01/24,ADDR-00118,2025-09-30
CUST-0273,Discover,**** **** **** 7796,07/24,ADDR-00637,2025-09-15
CUST-0339,Visa,**** **** **** 2111,02/24,ADDR-00916,2024-08-25
CUST-0498,Discover,**** **** **** 3036,05/24,ADDR-00041,2025-02-05
CUST-0671,Amex,**** **** **** 4865,09/30,ADDR-01131,2023-03-11
CUST-0841,Amex,**** **** **** 1049,06/25,ADDR-01368,2024-12-25
CUST-0068,Amex,**** **** **** 3820,01/26,ADDR-01251,2024-09-15
CUST-0514,Visa,**** **** **** 5876,11/30,ADDR-01225,2025-04-21
CUST-0509,Discover,**** **** **** 9670,08/29,ADDR-00459,2024-10-25
CUST-0067,MasterCard,**** **** **** 8589,10/27,ADDR-01404,2023-05-04
CUST-0834,Discover,**** **** **** 7262,10/28,ADDR-00600,2023-04-15
CUST-0421,Discover,**** **** **** 2631,03/25,ADDR-00994,2023-10-21
CUST-0976,Visa,**** **** **** 8946,08/28,ADDR-00546,2023-09-12
CUST-0239,MasterCard,**** **** **** 6280,07/25,ADDR-00432,2025-01-24
CUST-0706,Amex,**** **** **** 2866,10/27,ADDR-00031,2023-03-10
CUST-0729,Amex,**** **** **** 3705,07/30,ADDR-01353,2023-05-23
CUST-0027,MasterCard,**** **** **** 8655,01/28,ADDR-00944,2025-04-19
CUST-0926,MasterCard,**** **** **** 2731,02/27,ADDR-00113,2025-05-11
CUST-0163,Visa,**** **** **** 5251,02/30,ADDR-01118,2025-08-24
CUST-0997,Visa,**** **** **** 4853,06/29,ADDR-01438,2025-02-07
CUST-0630,Discover,**** **** **** 3401,02/24,ADDR-00911,2025-09-12
CUST-0023,Amex,**** **** **** 9326,01/30,ADDR-00145,2025-09-20
CUST-0560,Discover,**** **** **** 5260,05/28,ADDR-00284,2023-06-14
CUST-0777,Visa,**** **** **** 8393,06/28,ADDR-01051,2025-01-25
CUST-0950,MasterCard,**** **** **** 8214,09/26,ADDR-00897,2025-08-12
CUST-0012,MasterCard,**** **** **** 2011,01/26,ADDR-01107,2023-02-17
CUST-0429,Discover,**** **** **** 6246,08/29,ADDR-00192,2025-04-28
CUST-0863,MasterCard,**** **** **** 4095,07/28,ADDR-00175,2023-11-03
CUST-0610,Discover,**** **** **** 2499,11/29,ADDR-00173,2025-08-14
CUST-0162,Discover,**** **** **** 5430,03/28,ADDR-01374,2024-03-09
CUST-0574,MasterCard,**** **** **** 8591,12/30,ADDR-00804,2024-08-15
CUST-0966,Discover,**** **** **** 1819,05/24,ADDR-01206,2023-12-30
CUST-0235,Visa,**** **** **** 5237,02/30,ADDR-01190,2024-03-09
CUST-0116,Amex,**** **** **** 7998,01/27,ADDR-01131,2024-10-19
CUST-0255,MasterCard,**** **** **** 8987,05/29,ADDR-01416,2024-07-20
CUST-0572,MasterCard,**** **** **** 6460,12/27,ADDR-00726,2023-04-20
CUST-0798,Discover,**** **** **** 7523,03/26,ADDR-01311,2023-02-16
CUST-0907,Discover,**** **** **** 5637,10/27,ADDR-00786,2024-07-13
CUST-0255,Amex,**** **** **** 8033,01/26,ADDR-00928,2024-06-07
CUST-0320,MasterCard,**** **** **** 2061,08/24,ADDR-00314,2024-07-28
CUST-0347,Visa,**** **** **** 7323,03/25,ADDR-00729,2024-08-16
CUST-0779,MasterCard,**** **** **** 7662,05/28,ADDR-01120,2023-05-09
CUST-0001,MasterCard,**** **** **** 5356,09/27,ADDR-01091,2024-12-14
CUST-0514,MasterCard,**** **** **** 1673,07/25,ADDR-00530,2024-02-09
CUST-0492,MasterCard,**** **** **** 9637,08/28,ADDR-01180,2023-03-11
CUST-0436,Visa,**** **** **** 2038,02/26,ADDR-00152,2023-08-08
CUST-0850,Visa,**** **** **** 5067,06/29,ADDR-01229,2024-10-17
CUST-0835,MasterCard,**** **** **** 4351,12/27,ADDR-00222,2023-08-27
CUST-0219,Discover,**** **** **** 7678,01/26,ADDR-00383,2025-10-01
CUST-0255,Visa,**** **** **** 5169,06/28,ADDR-01047,2023-04-07
CUST-0411,Amex,**** **** **** 1359,03/26,ADDR-00571,2025-02-07
CUST-0310,Discover,**** **** **** 3369,05/24,ADDR-01263,2023-04-10
CUST-0440,Amex,**** **** **** 1517,04/29,ADDR-00593,2023-10-08
CUST-0029,Discover,**** **** **** 7587,02/27,ADDR-00992,2025-07-07
CUST-0934,Visa,**** **** **** 9450,03/29,ADDR-00530,2024-08-31
CUST-0552,Visa,**** **** **** 9957,09/29,ADDR-00006,2025-06-06
CUST-0411,Discover,**** **** **** 3383,02/26,ADDR-00164,2024-03-29
CUST-0278,Discover,**** **** **** 9470,02/30,ADDR-00464,2025-05-09
CUST-0335,MasterCard,**** **** **** 7463,11/27,ADDR-00543,2024-07-13
CUST-0433,MasterCard,**** **** **** 7485,12/28,ADDR-01126,2024-03-26
CUST-0320,Discover,**** **** **** 6117,12/30,ADDR-00185,2023-12-02
CUST-0349,Amex,**** **** **** 6137,11/24,ADDR-00227,2023-05-08
CUST-0629,MasterCard,**** **** **** 3958,01/30,ADDR-01408,2025-03-10
CUST-0490,Amex,**** **** **** 5036,12/27,ADDR-01423,2023-02-15
CUST-0360,Visa,**** **** **** 2153,08/24,ADDR-00866,2024-11-30
CUST-0746,Visa,**** **** **** 4720,10/28,ADDR-01138,2025-04-06
CUST-0405,MasterCard,**** **** **** 7901,06/25,ADDR-00842,2025-09-26
CUST-0727,MasterCard,**** **** **** 2638,09/28,ADDR-00533,2023-12-02
CUST-0382,Visa,**** **** **** 7209,08/24,ADDR-00101,2023-01-26
CUST-0609,Amex,**** **** **** 3226,05/28,ADDR-01189,2023-09-14
CUST-0184,Visa,**** **** **** 5805,07/27,ADDR-01398,2025-06-04
CUST-0281,Discover,**** **** **** 8067,08/27,ADDR-00103,2023-12-01
CUST-0809,Discover,**** **** **** 5294,03/24,ADDR-00637,2023-11-19
CUST-0434,Amex,**** **** **** 9028,08/26,ADDR-01101,2025-07-02
CUST-0030,Discover,**** **** **** 6054,06/25,ADDR-00394,2025-03-11
CUST-0519,Visa,**** **** **** 7965,03/25,ADDR-00757,2023-09-22
CUST-0819,Discover,**** **** **** 7246,03/30,ADDR-01298,2023-07-08
CUST-0789,Discover,**** **** **** 6513,12/26,ADDR-00111,2023-04-22
CUST-0407,Amex,**** **** **** 6685,04/24,ADDR-00019,2024-12-12
CUST-0955,Discover,**** **** **** 3625,03/24,ADDR-00359,2023-06-05
CUST-0302,MasterCard,**** **** **** 8404,07/27,ADDR-01422,2024-11-03
CUST-0486,Amex,**** **** **** 7573,03/30,ADDR-00648,2024-09-19
CUST-0069,Discover,**** **** **** 1454,02/24,ADDR-00363,2023-10-15
CUST-0727,Visa,**** **** **** 2512,06/30,ADDR-01031,2025-04-14
CUST-0980,Amex,**** **** **** 9739,09/29,ADDR-00796,2023-03-03
CUST-0007,Visa,**** **** **** 2775,08/28,ADDR-01058,2025-10-02
CUST-0406,Discover,**** **** **** 9102,09/25,ADDR-00402,2025-06-14
CUST-0082,MasterCard,**** **** **** 6871,08/30,ADDR-00028,2025-08-11
CUST-0822,Amex,**** **** **** 8309,03/29,ADDR-00837,2025-03-22
CUST-0270,MasterCard,**** **** **** 7963,02/25,ADDR-01496,2023-04-24
CUST-0942,MasterCard,**** **** **** 1876,04/28,ADDR-00515,2023-08-23
CUST-0754,Discover,**** **** **** 6605,04/27,ADDR-00709,2024-12-14
CUST-0603,Discover,**** **** **** 9721,01/27,ADDR-01135,2023-12-25
CUST-0998,MasterCard,**** **** **** 7037,05/28,ADDR-00359,2023-11-14
CUST-0131,Visa,**** **** **** 4810,09/26,ADDR-00519,2024-01-06
CUST-0817,Amex,**** **** **** 1772,01/29,ADDR-00880,2023-09-18
CUST-0313,Amex,**** **** **** 5672,11/27,ADDR-00694,2025-01-27
CUST-0150,MasterCard,**** **** **** 2256,02/25,ADDR-00397,2023-06-07
CUST-0958,Discover,**** **** **** 5677,09/28,ADDR-01498,2025-09-27
CUST-0504,Visa,**** **** **** 8385,08/30,ADDR-00816,2025-02-21
CUST-0212,MasterCard,**** **** **** 5808,11/29,ADDR-01390,2025-01-30
CUST-0171,Discover,**** **** **** 3780,01/25,ADDR-01137,2024-07-05
CUST-0389,MasterCard,**** **** **** 2192,08/26,ADDR-01463,2023-01-13
CUST-0671,Visa,**** **** **** 2102,10/30,ADDR-00793,2025-09-12
CUST-0253,Visa,**** **** **** 5176,06/29,ADDR-01302,2023-07-19
CUST-0034,Discover,**** **** **** 4760,06/29,ADDR-01117,2024-05-30
CUST-0850,MasterCard,**** **** **** 5370,10/25,ADDR-00678,2025-05-18
CUST-0236,Amex,**** **** **** 1193,01/30,ADDR-01434,2025-03-17
CUST-0650,Visa,**** **** **** 9432,02/29,ADDR-00812,2024-03-27
CUST-0486,Amex,**** **** **** 9424,02/30,ADDR-00871,2023-12-20
CUST-0177,Amex,**** **** **** 5163,05/29,ADDR-00737,2023-09-25
CUST-0269,Discover,**** **** **** 1876,09/25,ADDR-01096,2025-06-19
CUST-0371,Visa,**** **** **** 8784,10/28,ADDR-00446,2024-04-06
CUST-0722,Visa,**** **** **** 1255,11/29,ADDR-01334,2025-02-12
CUST-0933,Amex,**** **** **** 4947,11/28,ADDR-00253,2023-05-31
CUST-0550,Discover,**** **** **** 9230,09/29,ADDR-00524,2025-06-14
CUST-0552,Discover,**** **** **** 7972,10/28,ADDR-01054,2025-03-06
CUST-0159,Visa,**** **** **** 6014,06/27,ADDR-01186,2024-12-20
CUST-0137,Discover,**** **** **** 2714,05/30,ADDR-00921,2024-11-28
CUST-0141,Amex,**** **** **** 7174,04/24,ADDR-00184,2025-06-01
CUST-0747,Discover,**** **** **** 5139,03/26,ADDR-00271,2025-07-15
CUST-0209,MasterCard,**** **** **** 8365,03/28,ADDR-00483,2023-09-01
CUST-0582,Visa,**** **** **** 3473,02/29,ADDR-01351,2024-07-16
CUST-0512,Visa,**** **** **** 7420,03/28,ADDR-00431,2025-10-04
CUST-0177,Visa,**** **** **** 4474,03/25,ADDR-00249,2023-02-15
CUST-0836,Visa,**** **** **** 1244,03/25,ADDR-00360,2025-06-29
CUST-0003,Visa,**** **** **** 2032,12/28,ADDR-00791,2024-04-17
CUST-0445,Discover,**** **** **** 2877,01/24,ADDR-01041,2025-05-11
CUST-0647,Discover,**** **** **** 7328,02/24,ADDR-01122,2023-03-27
CUST-0838,Amex,**** **** **** 4102,06/27,ADDR-00191,2023-10-23
CUST-0064,MasterCard,**** **** **** 5740,06/29,ADDR-00500,2024-10-18
CUST-0967,Visa,**** **** **** 9361,01/30,ADDR-00989,2023-10-10
CUST-0432,MasterCard,**** **** **** 4194,06/26,ADDR-00837,2025-06-06
CUST-0603,Amex,**** **** **** 2600,01/24,ADDR-00407,2025-01-20
CUST-0792,Visa,**** **** **** 8488,07/25,ADDR-00008,2024-01-14
CUST-0837,Amex,**** **** **** 6397,12/28,ADDR-00777,2024-03-24
CUST-0855,Visa,**** **** **** 6429,01/29,ADDR-00095,2024-03-22
CUST-0444,Discover,**** **** **** 7915,05/24,ADDR-00152,2023-01-14
CUST-0927,Discover,**** **** **** 7077,05/30,ADDR-00178,2024-12-26
CUST-0093,MasterCard,**** **** **** 5623,01/30,ADDR-00916,2024-07-08
CUST-0332,Visa,**** **** **** 7534,10/30,ADDR-01212,2023-10-03
CUST-0791,Discover,**** **** **** 1687,09/28,ADDR-00031,2024-01-12
CUST-0792,MasterCard,**** **** **** 8043,07/28,ADDR-00415,2023-10-29
CUST-0568,MasterCard,**** **** **** 7191,09/29,ADDR-01163,2024-08-01
CUST-0637,Discover,**** **** **** 3610,07/28,ADDR-00941,2025-03-14
CUST-0016,MasterCard,**** **** **** 9846,07/28,ADDR-01138,2024-06-16
CUST-0920,Visa,**** **** **** 8741,09/29,ADDR-01353,2024-10-18
CUST-0497,Visa,**** **** **** 6965,01/26,ADDR-01212,2024-03-15
CUST-0185,Amex,**** **** **** 8430,02/28,ADDR-00931,2025-07-07
CUST-0387,Visa,**** **** **** 4878,03/24,ADDR-00179,2023-05-16
CUST-0442,Amex,**** **** **** 8447,11/28,ADDR-01183,2024-07-26
CUST-0851,MasterCard,**** **** **** 7228,01/26,ADDR-00162,2024-07-20
CUST-0876,Visa,**** **** **** 7038,03/24,ADDR-00945,2024-01-05
CUST-0344,Amex,**** **** **** 2929,08/27,ADDR-00936,2023-10-25
CUST-0724,Visa,**** **** **** 3260,08/26,ADDR-00789,2024-09-08
CUST-0190,Visa,**** **** **** 2582,09/29,ADDR-01321,2024-07-18
CUST-0149,Amex,**** **** **** 2505,10/29,ADDR-01213,2024-02-17
CUST-0963,MasterCard,**** **** **** 8139,05/25,ADDR-00334,2023-05-25
CUST-0618,Discover,**** **** **** 6476,09/28,ADDR-00153,2024-04-05
CUST-0055,Amex,**** **** **** 7003,05/25,ADDR-00216,2025-04-23
CUST-0567,Amex,**** **** **** 5811,06/27,ADDR-00093,2023-11-23
CUST-0446,MasterCard,**** **** **** 1047,10/25,ADDR-00259,2025-05-14
CUST-0891,Amex,**** **** **** 9141,01/29,ADDR-01177,2023-01-19
CUST-0961,Visa,**** **** **** 2038,11/27,ADDR-00450,2025-08-05
CUST-0722,Amex,**** **** **** 7717,05/24,ADDR-00941,2023-06-25
CUST-0217,MasterCard,**** **** **** 5562,08/25,ADDR-01031,2023-06-16
CUST-0942,Amex,**** **** **** 5587,01/24,ADDR-00183,2024-05-12
CUST-0533,MasterCard,**** **** **** 3636,12/26,ADDR-01469,2024-04-08
CUST-0247,Visa,**** **** **** 3232,07/24,ADDR-00798,2025-08-22
CUST-0957,Amex,**** **** **** 1102,08/24,ADDR-00121,2025-03-16
CUST-0360,Visa,**** **** **** 2498,02/28,ADDR-00762,2025-09-25
CUST-0002,MasterCard,**** **** **** 8599,02/30,ADDR-01346,2023-03-30
CUST-0323,MasterCard,**** **** **** 8002,02/29,ADDR-00090,2025-01-31
CUST-0372,MasterCard,**** **** **** 8218,01/30,ADDR-01167,2023-05-20
CUST-0205,Visa,**** **** **** 1537,08/24,ADDR-00882,2024-08-30
CUST-0322,Visa,**** **** **** 1075,08/26,ADDR-01435,2025-04-29
CUST-0670,Visa,**** **** **** 9260,10/30,ADDR-00640,2024-07-29
CUST-0729,Amex,**** **** **** 5801,04/30,ADDR-01323,2023-05-25
CUST-0817,Discover,**** **** **** 7769,10/28,ADDR-01174,2023-08-07
CUST-0886,Discover,**** **** **** 6646,03/28,ADDR-00527,2023-10-13
CUST-0980,Discover,**** **** **** 2893,07/30,ADDR-00181,2025-09-09
CUST-0640,MasterCard,**** **** **** 8768,04/30,ADDR-00637,2025-04-10
CUST-0552,Visa,**** **** **** 4493,12/30,ADDR-00145,2023-02-06
CUST-0265,Amex,**** **** **** 1743,03/26,ADDR-01150,2024-11-10
CUST-0626,Discover,**** **** **** 4633,11/25,ADDR-00141,2024-04-24
CUST-0914,Amex,**** **** **** 4495,12/26,ADDR-00897,2023-09-20
CUST-0537,MasterCard,**** **** **** 6527,03/27,ADDR-01086,2023-03-03
CUST-0416,Amex,**** **** **** 9940,07/24,ADDR-00880,2024-04-03
CUST-0199,MasterCard,**** **** **** 5118,05/28,ADDR-01031,2023-07-19
CUST-0561,Amex,**** **** **** 3897,06/30,ADDR-00467,2024-01-27
CUST-0944,Amex,**** **** **** 7650,03/28,ADDR-00098,2023-12-05
CUST-0343,Visa,**** **** **** 8299,08/26,ADDR-01444,2023-02-21
CUST-0403,Amex,**** **** **** 8356,10/26,ADDR-00722,2023-03-23
CUST-0373,Discover,**** **** **** 3612,04/28,ADDR-00375,2025-01-16
CUST-0845,Visa,**** **** **** 1557,09/26,ADDR-00665,2023-04-20
CUST-0044,Discover,**** **** **** 6070,12/24,ADDR-01365,2024-09-06
CUST-0105,MasterCard,**** **** **** 2633,02/24,ADDR-00948,2025-03-08
CUST-0520,Discover,**** **** **** 2552,10/29,ADDR-00040,2023-05-26
CUST-0337,Amex,**** **** **** 8293,11/27,ADDR-00111,2024-12-04
CUST-0720,MasterCard,**** **** **** 3755,11/24,ADDR-00832,2025-01-04
CUST-0636,Amex,**** **** **** 4830,06/30,ADDR-00549,2024-12-16
CUST-0964,Visa,**** **** **** 3902,01/24,ADDR-01366,2023-05-19
CUST-0187,Discover,**** **** **** 6140,10/26,ADDR-00122,2023-01-11
CUST-0162,Discover,**** **** **** 1831,02/26,ADDR-00228,2023-12-12
CUST-0220,MasterCard,**** **** **** 6685,11/29,ADDR-01406,2024-08-25
CUST-0266,Discover,**** **** **** 6567,01/27,ADDR-00579,2023-02-14
CUST-0979,Discover,**** **** **** 2636,08/29,ADDR-00392,2025-05-14
CUST-0133,Discover,**** **** **** 1811,06/29,ADDR-01209,2024-11-21
CUST-0375,Visa,**** **** **** 4778,11/30,ADDR-00135,2023-02-19
CUST-0010,Discover,**** **** **** 5716,11/28,ADDR-00443,2025-09-20
CUST-0312,Visa,**** **** **** 4330,12/28,ADDR-00243,2023-01-04
CUST-0285,Amex,**** **** **** 3065,01/25,ADDR-00878,2023-02-16
CUST-0519,Amex,**** **** **** 2055,02/28,ADDR-00615,2024-10-03
CUST-0629,Visa,**** **** **** 4627,11/26,ADDR-01261,2024-09-23
CUST-0914,MasterCard,**** **** **** 9936,06/26,ADDR-00499,2025-07-20
CUST-0383,Amex,**** **** **** 3400,01/26,ADDR-00795,2023-03-14
CUST-0035,Visa,**** **** **** 7677,08/28,ADDR-01183,2023-01-14
CUST-0660,Visa,**** **** **** 7517,10/27,ADDR-01122,2023-03-02
CUST-0076,Discover,**** **** **** 8196,08/26,ADDR-00091,2025-03-07
CUST-0713,MasterCard,**** **** **** 8847,09/26,ADDR-01423,2024-11-27
CUST-0129,MasterCard,**** **** **** 4175,10/30,ADDR-00592,2023-11-11
CUST-0595,Amex,**** **** **** 4686,01/24,ADDR-00805,2024-05-17
CUST-0470,Discover,**** **** **** 3575,06/26,ADDR-00017,2023-08-12
CUST-0165,Amex,**** **** **** 1181,02/27,ADDR-00436,2025-10-06
CUST-0389,Amex,**** **** **** 5179,03/27,ADDR-00377,2023-10-20
CUST-0109,Discover,**** **** **** 9802,05/25,ADDR-01193,2023-03-04
CUST-0643,MasterCard,**** **** **** 3448,04/30,ADDR-00454,2023-11-12
CUST-0339,Visa,**** **** **** 2142,01/29,ADDR-00066,2024-08-08
CUST-0041,Discover,**** **** **** 1760,06/25,ADDR-00012,2024-10-14
CUST-0783,Discover,**** **** **** 9362,05/25,ADDR-00029,2023-06-05
CUST-0908,Visa,**** **** **** 2448,07/27,ADDR-00910,2023-08-14
CUST-0814,MasterCard,**** **** **** 1106,05/29,ADDR-00686,2025-09-07
CUST-0999,Discover,**** **** **** 6473,10/28,ADDR-01113,2024-04-06
CUST-0332,MasterCard,**** **** **** 2437,03/28,ADDR-01216,2025-02-28
CUST-0434,Amex,**** **** **** 3744,07/24,ADDR-00473,2025-09-03
CUST-0864,MasterCard,**** **** **** 7866,11/30,ADDR-00367,2025-03-27
CUST-0009,MasterCard,**** **** **** 8496,06/26,ADDR-01067,2023-07-11
CUST-0080,Amex,**** **** **** 8568,08/24,ADDR-01424,2024-09-02
CUST-0130,Visa,**** **** **** 8289,02/24,ADDR-00706,2025-05-12
CUST-0166,MasterCard,**** **** **** 1100,03/25,ADDR-00884,2024-12-18
CUST-0981,MasterCard,**** **** **** 2621,11/30,ADDR-01246,2025-01-12
CUST-0677,MasterCard,**** **** **** 2106,06/28,ADDR-00255,2024-06-18
CUST-0587,Discover,**** **** **** 1070,11/26,ADDR-01159,2023-04-07
CUST-0445,Visa,**** **** **** 2836,09/27,ADDR-00434,2024-07-02
CUST-0381,Amex,**** **** **** 2336,12/28,ADDR-00641,2024-08-05
CUST-0768,Discover,**** **** **** 8707,03/29,ADDR-01415,2023-04-07
CUST-0391,Visa,**** **** **** 1824,06/25,ADDR-00981,2024-07-01
CUST-0784,MasterCard,**** **** **** 2100,09/27,ADDR-01247,2025-08-23
CUST-0159,Discover,**** **** **** 3824,09/26,ADDR-00680,2025-09-11
CUST-0904,Amex,**** **** **** 1875,11/24,ADDR-01053,2023-05-22
CUST-0173,Discover,**** **** **** 3662,01/24,ADDR-00364,2024-07-18
CUST-0219,Amex,**** **** **** 9792,03/29,ADDR-00469,2023-05-19
CUST-0679,MasterCard,**** **** **** 1969,05/24,ADDR-00569,2023-10-13
CUST-0499,Amex,**** **** **** 4463,12/25,ADDR-01075,2025-02-04
CUST-0113,Visa,**** **** **** 7905,06/28,ADDR-01234,2024-12-28
CUST-0201,Visa,**** **** **** 3073,12/29,ADDR-00027,2023-05-11
CUST-0037,MasterCard,**** **** **** 1830,05/29,ADDR-01426,2023-06-02
CUST-0225,MasterCard,**** **** **** 3139,12/27,ADDR-01020,2024-01-03
CUST-0871,MasterCard,**** **** **** 2691,04/26,ADDR-01471,2023-07-18
CUST-0043,MasterCard,**** **** **** 9246,02/27,ADDR-00688,2025-06-26
CUST-0049,Discover,**** **** **** 5152,07/25,ADDR-00006,2024-11-29
CUST-0845,Visa,**** **** **** 6643,12/30,ADDR-01219,2023-08-25
CUST-0958,Discover,**** **** **** 8486,08/26,ADDR-00815,2025-07-13
CUST-0599,Visa,**** **** **** 9802,04/25,ADDR-00146,2024-12-01
CUST-0024,MasterCard,**** **** **** 2468,07/29,ADDR-01405,2025-09-28
CUST-0761,Visa,**** **** **** 8695,05/27,ADDR-01246,2023-02-11
CUST-0882,MasterCard,**** **** **** 9698,04/24,ADDR-00060,2023-09-27
CUST-0254,Amex,**** **** **** 2095,10/27,ADDR-00803,2023-06-16
CUST-0155,Visa,**** **** **** 4326,02/27,ADDR-00998,2023-01-15
CUST-0514,Visa,**** **** **** 7011,07/28,ADDR-00755,2025-09-19
CUST-0862,Discover,**** **** **** 7443,08/30,ADDR-00084,2024-01-28
CUST-0240,Discover,**** **** **** 3506,02/28,ADDR-01049,2025-04-03
CUST-0404,Amex,**** **** **** 6925,01/26,ADDR-01191,2023-10-21
CUST-0798,Amex,**** **** **** 5923,11/24,ADDR-00904,2025-09-15
CUST-0442,Discover,**** **** **** 4216,11/26,ADDR-01239,2025-02-27
CUST-0194,MasterCard,**** **** **** 7829,06/24,ADDR-00620,2024-10-24
CUST-0620,Discover,**** **** **** 3740,08/25,ADDR-00266,2025-05-16
CUST-0173,Discover,**** **** **** 3206,07/30,ADDR-00241,2023-04-01
CUST-0303,MasterCard,**** **** **** 5189,04/30,ADDR-00842,2024-11-12
CUST-0141,Amex,**** **** **** 6252,05/29,ADDR-00310,2023-04-14
CUST-0696,Visa,**** **** **** 9745,12/27,ADDR-01217,2025-08-31
CUST-0704,Visa,**** **** **** 7677,03/29,ADDR-00492,2025-01-11
CUST-0319,Visa,**** **** **** 7230,05/25,ADDR-00412,2024-07-27
CUST-0347,MasterCard,**** **** **** 3195,12/26,ADDR-00944,2025-09-24
CUST-0981,MasterCard,**** **** **** 6990,11/24,ADDR-00747,2024-06-28
CUST-0242,MasterCard,**** **** **** 5022,05/25,ADDR-00072,2025-04-08
CUST-0707,MasterCard,**** **** **** 2270,02/29,ADDR-00750,2025-05-18
CUST-0685,Discover,**** **** **** 7646,01/26,ADDR-01473,2023-10-01
CUST-0379,Discover,**** **** **** 7396,12/28,ADDR-01383,2023-10-03
CUST-0512,Amex,**** **** **** 8430,07/28,ADDR-01459,2025-07-05
CUST-0738,Amex,**** **** **** 6496,04/26,ADDR-00492,2024-03-23
CUST-0380,Discover,**** **** **** 5437,07/27,ADDR-01492,2024-08-31
CUST-0796,Discover,**** **** **** 2041,07/25,ADDR-00575,2023-05-10
CUST-0081,MasterCard,**** **** **** 6623,05/26,ADDR-00046,2024-07-02
CUST-0715,Visa,**** **** **** 6440,10/26,ADDR-01041,2023-03-31
CUST-0835,Amex,**** **** **** 4037,07/28,ADDR-00293,2023-11-27
CUST-0806,Amex,**** **** **** 7247,07/26,ADDR-00915,2023-07-06
CUST-0116,MasterCard,**** **** **** 1221,08/30,ADDR-00566,2023-05-20
CUST-0246,Amex,**** **** **** 2944,05/25,ADDR-00789,2023-05-06
CUST-0956,Amex,**** **** **** 1862,11/26,ADDR-01333,2024-07-11
CUST-0598,MasterCard,**** **** **** 5060,03/27,ADDR-00239,2023-11-05
CUST-0796,Amex,**** **** **** 6061,04/29,ADDR-00115,2024-04-08
CUST-0581,Discover,**** **** **** 4604,11/30,ADDR-00938,2023-08-20
CUST-0107,Visa,**** **** **** 1491,09/29,ADDR-01406,2025-01-18
CUST-0125,Discover,**** **** **** 9697,06/25,ADDR-00291,2025-08-12
CUST-0124,Visa,**** **** **** 7035,12/28,ADDR-00915,2023-04-05
CUST-0939,Amex,**** **** **** 6215,03/25,ADDR-00743,2025-04-15
CUST-0993,Amex,**** **** **** 3887,07/28,ADDR-00944,2023-09-23
CUST-0274,Discover,**** **** **** 1796,02/27,ADDR-00398,2024-10-20
CUST-0989,MasterCard,**** **** **** 1414,12/28,ADDR-00842,2025-03-26
CUST-0350,MasterCard,**** **** **** 4646,08/27,ADDR-00928,2023-05-16
CUST-0592,Discover,**** **** **** 7558,11/26,ADDR-00833,2023-07-12
CUST-0200,Discover,**** **** **** 1055,02/26,ADDR-00127,2024-10-23
CUST-0848,Visa,**** **** **** 6850,03/30,ADDR-00900,2025-08-12
CUST-0550,Visa,**** **** **** 1402,06/26,ADDR-01330,2024-06-15
CUST-0675,Visa,**** **** **** 1595,01/25,ADDR-00991,2025-05-26
CUST-0699,MasterCard,**** **** **** 3097,02/26,ADDR-00382,2023-11-24
CUST-0475,MasterCard,**** **** **** 2964,07/24,ADDR-01238,2023-11-05
CUST-0233,Visa,**** **** **** 4565,07/28,ADDR-01286,2024-12-11
CUST-0089,Discover,**** **** **** 3694,01/25,ADDR-00250,2023-07-22
CUST-0388,Amex,**** **** **** 6751,12/25,ADDR-01062,2025-03-05
CUST-0401,MasterCard,**** **** **** 1438,10/29,ADDR-00382,2024-08-12
CUST-0744,Discover,**** **** **** 5032,06/25,ADDR-01473,2024-01-18
CUST-0990,Amex,**** **** **** 4493,04/25,ADDR-00347,2023-06-04
CUST-0656,Discover,**** **** **** 4716,12/28,ADDR-00390,2025-07-04
CUST-0535,MasterCard,**** **** **** 1023,05/26,ADDR-00971,2024-12-08
CUST-0711,MasterCard,**** **** **** 6800,04/25,ADDR-00465,2024-03-09
CUST-0438,Visa,**** **** **** 9311,06/24,ADDR-00962,2024-02-11
CUST-0094,Visa,**** **** **** 8522,01/28,ADDR-00384,2024-02-03
CUST-0622,Discover,**** **** **** 2979,09/30,ADDR-00325,2025-04-29
CUST-0875,MasterCard,**** **** **** 7244,01/24,ADDR-00029,2024-05-18
CUST-0128,MasterCard,**** **** **** 7495,02/26,ADDR-01321,2025-05-15
CUST-0976,MasterCard,**** **** **** 3996,12/24,ADDR-01010,2024-11-13
CUST-0813,Discover,**** **** **** 5294,09/30,ADDR-00529,2025-03-09
CUST-0413,Discover,**** **** **** 4281,06/27,ADDR-00538,2023-05-15
CUST-0149,MasterCard,**** **** **** 4550,12/25,ADDR-00291,2025-09-02
CUST-0166,Visa,**** **** **** 2738,10/26,ADDR-00520,2023-06-07
CUST-0355,MasterCard,**** **** **** 4016,03/29,ADDR-00725,2024-02-19
CUST-0059,Discover,**** **** **** 3998,10/26,ADDR-00433,2024-01-16
CUST-0672,Visa,**** **** **** 7383,04/30,ADDR-01302,2025-03-20
CUST-0740,Discover,**** **** **** 5008,02/30,ADDR-01327,2023-04-28
CUST-0545,Visa,**** **** **** 5449,07/29,ADDR-01008,2023-10-10
CUST-0108,MasterCard,**** **** **** 1103,08/29,ADDR-00646,2023-08-23
CUST-0878,Amex,**** **** **** 2999,11/28,ADDR-00664,2023-06-02
CUST-0014,Visa,**** **** **** 4600,07/25,ADDR-00822,2024-11-07
CUST-0059,Amex,**** **** **** 7542,04/28,ADDR-01475,2024-04-29
CUST-0673,Amex,**** **** **** 7326,02/26,ADDR-01497,2023-10-11
CUST-0810,Discover,**** **** **** 1737,06/26,ADDR-00515,2024-08-05
CUST-0075,MasterCard,**** **** **** 2102,06/24,ADDR-00877,2025-09-27
CUST-0738,Amex,**** **** **** 2179,02/28,ADDR-01379,2023-12-17
CUST-0338,Discover,**** **** **** 5450,01/28,ADDR-01374,2023-04-04
CUST-0591,Discover,**** **** **** 4465,10/26,ADDR-00924,2024-07-14
CUST-0509,Amex,**** **** **** 4028,01/27,ADDR-00002,2025-04-10
CUST-0141,Visa,**** **** **** 5155,03/27,ADDR-00325,2024-11-13
CUST-0016,Visa,**** **** **** 9128,02/25,ADDR-01493,2024-11-08
CUST-0092,MasterCard,**** **** **** 6037,02/25,ADDR-01171,2023-09-07
CUST-0770,Discover,**** **** **** 7611,08/28,ADDR-01161,2024-10-24
CUST-0465,Discover,**** **** **** 1595,10/28,ADDR-00972,2023-08-09
CUST-0076,MasterCard,**** **** **** 7985,08/27,ADDR-00474,2023-03-23
CUST-0818,MasterCard,**** **** **** 3160,08/29,ADDR-00798,2024-11-22
CUST-0783,Visa,**** **** **** 8542,06/29,ADDR-01182,2025-09-13
CUST-0544,Discover,**** **** **** 9924,07/26,ADDR-00486,2025-05-10
CUST-0653,MasterCard,**** **** **** 6058,04/24,ADDR-01235,2023-04-04
CUST-0646,Discover,**** **** **** 6387,05/25,ADDR-00064,2025-09-03
CUST-0525,Amex,**** **** **** 3976,04/24,ADDR-00297,2023-02-16
CUST-0163,Visa,**** **** **** 2134,06/30,ADDR-00049,2025-03-04
CUST-0358,Discover,**** **** **** 7195,05/26,ADDR-01154,2024-10-17
CUST-0468,Amex,**** **** **** 8863,01/29,ADDR-00103,2023-01-02
CUST-0144,Discover,**** **** **** 8606,07/26,ADDR-00634,2024-07-11
CUST-0682,Discover,**** **** **** 9133,07/26,ADDR-01173,2024-04-03
CUST-0608,Discover,**** **** **** 6071,02/27,ADDR-00413,2024-01-30
CUST-0912,Amex,**** **** **** 7989,12/24,ADDR-00527,2025-05-28
CUST-0339,Visa,**** **** **** 1377,07/25,ADDR-00723,2023-11-19
CUST-0716,MasterCard,**** **** **** 8704,04/24,ADDR-01206,2025-01-26
CUST-0396,Amex,**** **** **** 7989,10/25,ADDR-00952,2024-03-27
CUST-0081,Visa,**** **** **** 6867,03/28,ADDR-01426,2024-01-25
CUST-0229,Amex,**** **** **** 4373,01/29,ADDR-00760,2024-08-30
CUST-0478,Visa,**** **** **** 3936,06/26,ADDR-00226,2023-06-15
CUST-0542,MasterCard,**** **** **** 8580,07/29,ADDR-00423,2024-03-12
CUST-0307,MasterCard,**** **** **** 2283,06/28,ADDR-00594,2025-07-27
CUST-0538,Amex,**** **** **** 7446,06/26,ADDR-00848,2024-11-04
CUST-0446,MasterCard,**** **** **** 5891,06/30,ADDR-00537,2025-06-14
CUST-0923,Amex,**** **** **** 4627,05/29,ADDR-00528,2025-03-15
CUST-0075,Amex,**** **** **** 2987,07/28,ADDR-01236,2024-08-26
CUST-0251,MasterCard,**** **** **** 5234,05/28,ADDR-00924,2023-10-19
CUST-0232,Amex,**** **** **** 7716,05/24,ADDR-01077,2025-02-16
CUST-0693,MasterCard,**** **** **** 3393,04/24,ADDR-01216,2023-12-03
CUST-0513,Discover,**** **** **** 3102,10/29,ADDR-00977,2025-01-10
CUST-0958,MasterCard,**** **** **** 9735,11/30,ADDR-01070,2024-08-19
CUST-0879,Amex,**** **** **** 2634,04/25,ADDR-00213,2025-09-17
CUST-0009,Discover,**** **** **** 3114,01/29,ADDR-00355,2023-04-28
CUST-0882,Discover,**** **** **** 1710,08/26,ADDR-00618,2025-07-09
CUST-0873,Amex,**** **** **** 4157,05/29,ADDR-01454,2025-03-14
CUST-0423,Amex,**** **** **** 6516,08/30,ADDR-01200,2023-05-16
CUST-0880,MasterCard,**** **** **** 1610,04/24,ADDR-00088,2023-11-06
CUST-0285,Discover,**** **** **** 5987,07/24,ADDR-00304,2025-01-10
CUST-0626,MasterCard,**** **** **** 1894,01/25,ADDR-00729,2023-04-20
CUST-0140,Visa,**** **** **** 4342,12/30,ADDR-00946,2023-12-08
CUST-0880,Discover,**** **** **** 6836,09/29,ADDR-01219,2024-02-06
CUST-0195,Amex,**** **** **** 6527,11/29,ADDR-00966,2025-09-13
CUST-0003,Discover,**** **** **** 2292,10/28,ADDR-00448,2025-08-25
CUST-0071,Amex,**** **** **** 6906,09/26,ADDR-00388,2023-09-23
CUST-0713,Amex,**** **** **** 7497,07/25,ADDR-00174,2023-03-16
CUST-0229,Amex,**** **** **** 1787,04/26,ADDR-00376,2023-07-15
CUST-0849,Discover,**** **** **** 3581,11/29,ADDR-00278,2023-02-04
CUST-0879,MasterCard,**** **** **** 4193,05/27,ADDR-00600,2023-07-07
CUST-0272,Discover,**** **** **** 4406,11/24,ADDR-00039,2023-11-05
CUST-0238,Discover,**** **** **** 7810,09/29,ADDR-01420,2024-11-21
CUST-0821,Discover,**** **** **** 9851,01/24,ADDR-01131,2025-03-21
CUST-0924,Amex,**** **** **** 3307,10/30,ADDR-00575,2024-01-26
CUST-0772,Visa,**** **** **** 3506,11/24,ADDR-01325,2024-11-09
CUST-0996,Discover,**** **** **** 8178,05/24,ADDR-00954,2023-09-27
CUST-0193,Visa,**** **** **** 5949,04/30,ADDR-00653,2023-03-01
CUST-0159,MasterCard,**** **** **** 9791,06/24,ADDR-00335,2023-06-15
CUST-0835,Amex,**** **** **** 7916,07/26,ADDR-00372,2024-04-04
CUST-0770,Amex,**** **** **** 3612,04/25,ADDR-00274,2024-06-16
CUST-0157,MasterCard,**** **** **** 1152,03/24,ADDR-00276,2023-12-05
CUST-0411,Visa,**** **** **** 4531,04/24,ADDR-00471,2023-01-23
CUST-0225,MasterCard,**** **** **** 5155,07/27,ADDR-00904,2023-03-11
CUST-0752,Visa,**** **** **** 8008,08/26,ADDR-00022,2024-03-24
CUST-0877,Discover,**** **** **** 3326,08/28,ADDR-01250,2023-12-22
CUST-0769,Amex,**** **** **** 5081,12/24,ADDR-00356,2023-10-12
CUST-0658,Amex,**** **** **** 4450,01/24,ADDR-00355,2025-07-21
CUST-0237,Amex,**** **** **** 8989,03/25,ADDR-00060,2023-08-10
CUST-0278,MasterCard,**** **** **** 1764,03/28,ADDR-00607,2024-04-14
CUST-0070,Visa,**** **** **** 2488,08/29,ADDR-00334,2025-09-07
CUST-0168,MasterCard,**** **** **** 5795,01/26,ADDR-00120,2024-03-25
CUST-0834,Discover,**** **** **** 5242,11/28,ADDR-00948,2025-01-17
CUST-0795,Visa,**** **** **** 8803,11/29,ADDR-01416,2024-05-22
CUST-0329,Amex,**** **** **** 7781,02/28,ADDR-01231,2025-08-16
CUST-0883,MasterCard,**** **** **** 5320,01/27,ADDR-00737,2024-10-17
CUST-0555,MasterCard,**** **** **** 9795,08/25,ADDR-01388,2024-04-25
CUST-0645,MasterCard,**** **** **** 6562,09/30,ADDR-00132,2023-07-04
CUST-0160,Amex,**** **** **** 1657,10/30,ADDR-01410,2023-12-18
CUST-0395,Discover,**** **** **** 9745,05/29,ADDR-00522,2025-07-25
CUST-0520,MasterCard,**** **** **** 5053,08/25,ADDR-01285,2023-07-12
CUST-0463,Visa,**** **** **** 4052,02/25,ADDR-00174,2023-03-30
CUST-0049,Visa,**** **** **** 9698,08/28,ADDR-00086,2023-08-30
CUST-0714,Amex,**** **** **** 7814,12/28,ADDR-00103,2024-11-16
CUST-0939,Visa,**** **** **** 8445,01/30,ADDR-00993,2023-10-26
CUST-0711,Visa,**** **** **** 4695,10/25,ADDR-00722,2023-04-17
CUST-0602,Amex,**** **** **** 6815,03/28,ADDR-00652,2025-01-22
CUST-0908,Visa,**** **** **** 9093,02/25,ADDR-00360,2023-05-26
CUST-0928,Discover,**** **** **** 7353,12/26,ADDR-00512,2023-08-14
CUST-0571,Discover,**** **** **** 3978,03/24,ADDR-00739,2025-05-27
CUST-0297,MasterCard,**** **** **** 3364,02/27,ADDR-00361,2024-01-21
CUST-0696,Amex,**** **** **** 5270,10/29,ADDR-00784,2025-05-20
CUST-0982,MasterCard,**** **** **** 4199,12/29,ADDR-00004,2024-12-09
CUST-0553,MasterCard,**** **** **** 4315,05/26,ADDR-00619,2024-03-29
CUST-0899,Visa,**** **** **** 5992,09/30,ADDR-01063,2024-05-26
CUST-0521,Amex,**** **** **** 1192,05/27,ADDR-00043,2025-04-03
CUST-0171,Visa,**** **** **** 7130,10/29,ADDR-00774,2025-02-23
CUST-0520,Amex,**** **** **** 2169,10/30,ADDR-00642,2023-07-14
CUST-0807,Discover,**** **** **** 9140,05/28,ADDR-01438,2025-07-14
CUST-0187,Discover,**** **** **** 7998,11/29,ADDR-00429,2023-06-13
CUST-0971,Amex,**** **** **** 7784,04/26,ADDR-00379,2024-04-08
CUST-0944,Discover,**** **** **** 8768,06/30,ADDR-00350,2023-06-13
CUST-0934,Amex,**** **** **** 3516,01/27,ADDR-00165,2025-06-26
CUST-0409,Amex,**** **** **** 9892,02/25,ADDR-01239,2023-05-18
CUST-0029,Amex,**** **** **** 3583,03/28,ADDR-00586,2023-04-30
CUST-0074,Amex,**** **** **** 7725,04/24,ADDR-00311,2024-08-28
CUST-0326,Amex,**** **** **** 7590,04/27,ADDR-00501,2024-04-19
CUST-0685,MasterCard,**** **** **** 7694,03/30,ADDR-01275,2025-01-10
CUST-0304,MasterCard,**** **** **** 1700,07/27,ADDR-00156,2023-12-10
CUST-0680,Amex,**** **** **** 9427,01/29,ADDR-01370,2024-07-18
CUST-0348,Visa,**** **** **** 4187,04/29,ADDR-00220,2023-08-17
CUST-0671,Visa,**** **** **** 1714,05/28,ADDR-01095,2025-05-22
CUST-0872,MasterCard,**** **** **** 3572,02/30,ADDR-01316,2023-03-27
CUST-0182,MasterCard,**** **** **** 2546,03/30,ADDR-00157,2024-01-17
CUST-0768,Amex,**** **** **** 9378,11/24,ADDR-01457,2024-01-17
CUST-0552,MasterCard,**** **** **** 8134,09/27,ADDR-01098,2024-05-26
CUST-0412,Amex,**** **** **** 1138,02/30,ADDR-01194,2023-04-23
CUST-0544,Amex,**** **** **** 5294,09/28,ADDR-00120,2024-02-03
CUST-0317,Amex,**** **** **** 3188,11/24,ADDR-00088,2025-03-24
CUST-0398,MasterCard,**** **** **** 9232,08/27,ADDR-01308,2024-06-21
CUST-0492,MasterCard,**** **** **** 6139,09/26,ADDR-00795,2024-10-15
CUST-0412,Amex,**** **** **** 7542,12/26,ADDR-00244,2024-09-02
CUST-0446,MasterCard,**** **** **** 4566,05/29,ADDR-00370,2023-04-25
CUST-0626,MasterCard,**** **** **** 8145,03/25,ADDR-00154,2023-07-17
CUST-0188,Visa,**** **** **** 6007,12/24,ADDR-00094,2023-10-19
CUST-0168,Amex,**** **** **** 9714,04/30,ADDR-00231,2023-10-16
CUST-0751,Discover,**** **** **** 9373,10/30,ADDR-01434,2025-06-05
CUST-0115,Visa,**** **** **** 8717,10/27,ADDR-00315,2025-04-25
CUST-0779,Discover,**** **** **** 5549,10/29,ADDR-01079,2023-04-09
CUST-0668,MasterCard,**** **** **** 9416,12/25,ADDR-00228,2025-01-23
CUST-0563,Visa,**** **** **** 1934,04/27,ADDR-00865,2024-02-24
CUST-0022,MasterCard,**** **** **** 1034,01/24,ADDR-00713,2025-08-16
CUST-0202,MasterCard,**** **** **** 9834,06/25,ADDR-01115,2024-02-10
CUST-0194,Visa,**** **** **** 1063,06/29,ADDR-00096,2023-12-01
CUST-0830,MasterCard,**** **** **** 5426,04/28,ADDR-00482,2024-07-17
CUST-0727,Visa,**** **** **** 6820,09/29,ADDR-00332,2025-08-05
CUST-0428,MasterCard,**** **** **** 2023,01/27,ADDR-00816,2024-06-30
CUST-0715,Discover,**** **** **** 3687,08/30,ADDR-00894,2025-08-13
CUST-0250,MasterCard,**** **** **** 3905,09/25,ADDR-01028,2024-09-16
CUST-0915,Discover,**** **** **** 4339,04/30,ADDR-00991,2024-02-22
CUST-0922,Visa,**** **** **** 9284,06/29,ADDR-00234,2025-06-23
CUST-0647,Discover,**** **** **** 3900,07/27,ADDR-00215,2023-09-11
CUST-0445,Amex,**** **** **** 2780,01/24,ADDR-00389,2023-06-08
CUST-0680,MasterCard,**** **** **** 4295,04/29,ADDR-01247,2023-06-06
CUST-0102,MasterCard,**** **** **** 6723,03/27,ADDR-01229,2025-01-15
CUST-0877,Visa,**** **** **** 9656,08/26,ADDR-01451,2025-08-18
CUST-0783,Visa,**** **** **** 7652,08/27,ADDR-00790,2023-04-08
CUST-0667,Visa,**** **** **** 7922,11/29,ADDR-00759,2025-04-25
CUST-0596,MasterCard,**** **** **** 1102,11/28,ADDR-01071,2023-04-13
CUST-0877,Amex,**** **** **** 5052,02/28,ADDR-00261,2024-04-23
CUST-0622,Discover,**** **** **** 7713,02/27,ADDR-01031,2024-12-12
CUST-0114,Amex,**** **** **** 7864,10/30,ADDR-01093,2024-10-20
CUST-0253,Amex,**** **** **** 6733,11/27,ADDR-00365,2025-01-22
CUST-0692,Visa,**** **** **** 3468,12/27,ADDR-00772,2024-01-13
CUST-0713,Discover,**** **** **** 9746,07/30,ADDR-00350,2024-09-18
CUST-0891,Amex,**** **** **** 2543,03/26,ADDR-00918,2023-07-29
CUST-0316,MasterCard,**** **** **** 6626,06/25,ADDR-01234,2023-10-07
CUST-0688,Discover,**** **** **** 1147,08/29,ADDR-00611,2025-06-26
CUST-0140,Visa,**** **** **** 8291,05/29,ADDR-00974,2023-05-27
CUST-0784,Discover,**** **** **** 7931,10/26,ADDR-00129,2025-02-21
CUST-0449,Discover,**** **** **** 8936,01/28,ADDR-00008,2024-07-20
CUST-0801,Discover,**** **** **** 6029,11/29,ADDR-01020,2023-09-19
CUST-0573,Amex,**** **** **** 5656,07/26,ADDR-00155,2025-09-03
CUST-0522,MasterCard,**** **** **** 9258,05/24,ADDR-00842,2024-04-18
CUST-0249,Amex,**** **** **** 8509,09/29,ADDR-00704,2023-07-31
CUST-0409,Visa,**** **** **** 7239,05/30,ADDR-01197,2024-06-30
CUST-0029,Amex,**** **** **** 5751,06/24,ADDR-01239,2023-06-20
CUST-0679,Discover,**** **** **** 1162,06/25,ADDR-00243,2025-05-05
CUST-0909,Visa,**** **** **** 3687,07/25,ADDR-00940,2023-02-10
CUST-0407,Discover,**** **** **** 5749,09/28,ADDR-00126,2023-01-19
CUST-0861,MasterCard,**** **** **** 5432,09/30,ADDR-00518,2024-01-03
CUST-0533,Visa,**** **** **** 4628,01/28,ADDR-01106,2024-08-09
CUST-0569,MasterCard,**** **** **** 1674,06/27,ADDR-00625,2024-11-13
CUST-0835,MasterCard,**** **** **** 8761,05/30,ADDR-00218,2024-07-20
CUST-0356,Discover,**** **** **** 4875,01/25,ADDR-00916,2025-03-18
CUST-0380,Visa,**** **** **** 1774,01/25,ADDR-00095,2024-11-26
CUST-0354,Discover,**** **** **** 7607,02/28,ADDR-01222,2023-12-31
CUST-0661,MasterCard,**** **** **** 1283,06/27,ADDR-00600,2023-04-10
CUST-0572,Amex,**** **** **** 4138,08/28,ADDR-01362,2025-05-14
CUST-0919,Amex,**** **** **** 8077,08/28,ADDR-00107,2024-05-29
CUST-0780,Discover,**** **** **** 1319,11/24,ADDR-01088,2024-04-28
CUST-0166,Discover,**** **** **** 1572,01/24,ADDR-01293,2025-02-07
CUST-0209,Discover,**** **** **** 7100,12/24,ADDR-00098,2023-08-25
CUST-0278,Amex,**** **** **** 5964,05/25,ADDR-01232,2024-09-01
CUST-0961,Visa,**** **** **** 7445,08/26,ADDR-01363,2023-12-18
CUST-0978,Discover,**** **** **** 7567,06/25,ADDR-00617,2025-08-20
CUST-0040,Discover,**** **** **** 3322,03/24,ADDR-00663,2025-07-21
CUST-0353,Discover,**** **** **** 8826,03/26,ADDR-00872,2025-02-25
CUST-0183,MasterCard,**** **** **** 3962,02/28,ADDR-00017,2023-12-06
CUST-0242,MasterCard,**** **** **** 5831,08/30,ADDR-00061,2023-09-22
CUST-0511,Amex,**** **** **** 8870,07/26,ADDR-01109,2023-10-23
CUST-0702,Amex,**** **** **** 7100,10/25,ADDR-01231,2024-03-23
CUST-0335,MasterCard,**** **** **** 2579,04/28,ADDR-00462,2023-11-17
CUST-0007,Discover,**** **** **** 2340,03/26,ADDR-00683,2025-01-16
CUST-0357,MasterCard,**** **** **** 2665,03/29,ADDR-01221,2023-02-27
CUST-0004,MasterCard,**** **** **** 7461,03/29,ADDR-00379,2025-08-27
CUST-0094,Visa,**** **** **** 8738,04/30,ADDR-01311,2023-05-27
CUST-0649,Discover,**** **** **** 9104,03/27,ADDR-00555,2024-07-02
CUST-0658,MasterCard,**** **** **** 6677,09/26,ADDR-01459,2024-11-22
CUST-0329,Amex,**** **** **** 3801,03/28,ADDR-01370,2023-11-09
CUST-0175,Amex,**** **** **** 3292,12/30,ADDR-00641,2023-04-14
CUST-0416,Visa,**** **** **** 9230,06/27,ADDR-00755,2024-09-21
CUST-0087,Discover,**** **** **** 2090,01/26,ADDR-00107,2024-06-25
CUST-0873,Visa,**** **** **** 6951,05/28,ADDR-00190,2023-09-22
CUST-0459,Discover,**** **** **** 6034,05/27,ADDR-00472,2025-02-22
CUST-0375,MasterCard,**** **** **** 6842,03/26,ADDR-00898,2025-06-13
CUST-0542,Amex,**** **** **** 2837,08/24,ADDR-00730,2024-08-17
CUST-0308,Discover,**** **** **** 4267,05/26,ADDR-01236,2023-07-28
CUST-0038,Amex,**** **** **** 4790,08/28,ADDR-01095,2023-02-01
CUST-0228,MasterCard,**** **** **** 3044,09/25,ADDR-00863,2023-03-27
CUST-0895,Visa,**** **** **** 4293,04/30,ADDR-01320,2024-06-17
CUST-0941,MasterCard,**** **** **** 7997,01/28,ADDR-00972,2024-06-02
CUST-0548,MasterCard,**** **** **** 2119,06/30,ADDR-00357,2024-05-06
CUST-0557,Discover,**** **** **** 4216,01/26,ADDR-01137,2024-03-21
CUST-0189,Amex,**** **** **** 2025,06/25,ADDR-00251,2024-03-31
CUST-0709,Amex,**** **** **** 7694,06/30,ADDR-01354,2023-08-06
CUST-0949,Amex,**** **** **** 4709,08/30,ADDR-01049,2023-02-21
CUST-0104,Visa,**** **** **** 6836,07/29,ADDR-00980,2023-07-12
CUST-0300,Amex,**** **** **** 7250,08/24,ADDR-00982,2024-03-29
CUST-0761,Discover,**** **** **** 3663,10/30,ADDR-00815,2024-08-25
CUST-0955,Visa,**** **** **** 6085,04/25,ADDR-00812,2023-05-20
CUST-0602,Amex,**** **** **** 7161,11/30,ADDR-00881,2023-09-26
CUST-0995,Amex,**** **** **** 1862,10/28,ADDR-01178,2024-08-22
CUST-0810,Visa,**** **** **** 1605,02/24,ADDR-01091,2024-09-01
CUST-0568,Amex,**** **** **** 8859,04/28,ADDR-00035,2024-06-28
CUST-0928,MasterCard,**** **** **** 6576,03/24,ADDR-01443,2023-03-29
CUST-0554,Discover,**** **** **** 9553,05/26,ADDR-00349,2024-10-28
CUST-0302,Discover,**** **** **** 5537,12/28,ADDR-01059,2023-11-01
CUST-0635,Discover,**** **** **** 7073,08/25,ADDR-01150,2025-07-21
CUST-0898,Amex,**** **** **** 9032,06/29,ADDR-01455,2024-08-07
CUST-0357,MasterCard,**** **** **** 9492,12/24,ADDR-01214,2023-02-22
CUST-0184,MasterCard,**** **** **** 2170,08/29,ADDR-01196,2024-04-18
CUST-0749,Visa,**** **** **** 3255,05/28,ADDR-01107,2023-07-12
CUST-0655,Discover,**** **** **** 2342,08/24,ADDR-00673,2025-02-07
CUST-0595,Amex,**** **** **** 5303,06/30,ADDR-00203,2025-03-19
CUST-0273,MasterCard,**** **** **** 7970,08/30,ADDR-00328,2024-06-19
CUST-0401,Visa,**** **** **** 2359,03/29,ADDR-00446,2024-10-15
CUST-0031,MasterCard,**** **** **** 9653,09/26,ADDR-00890,2025-05-19
CUST-0550,Visa,**** **** **** 2342,10/25,ADDR-01249,2025-10-06
CUST-0504,Visa,**** **** **** 5507,06/28,ADDR-00024,2025-06-27
CUST-0841,Visa,**** **** **** 3734,02/27,ADDR-00959,2024-08-13
CUST-0049,Amex,**** **** **** 6171,03/28,ADDR-00871,2025-08-04
CUST-0434,MasterCard,**** **** **** 4621,06/24,ADDR-01287,2025-04-28
CUST-0673,Amex,**** **** **** 9267,09/30,ADDR-00043,2025-02-11
CUST-0740,Discover,**** **** **** 1194,11/26,ADDR-00400,2023-05-10
CUST-0690,Discover,**** **** **** 1327,12/29,ADDR-00249,2023-05-05
CUST-0590,MasterCard,**** **** **** 2307,01/25,ADDR-01091,2023-05-09
CUST-0874,Discover,**** **** **** 6036,03/29,ADDR-00646,2023-12-24
CUST-0125,MasterCard,**** **** **** 7989,01/28,ADDR-00121,2024-12-07
CUST-0544,Amex,**** **** **** 9765,02/30,ADDR-01029,2025-01-04
CUST-0126,Visa,**** **** **** 5643,06/24,ADDR-00278,2023-11-03
CUST-0218,Discover,**** **** **** 4384,07/24,ADDR-00703,2025-08-13
CUST-0714,Discover,**** **** **** 4369,07/30,ADDR-00824,2023-05-24
CUST-0937,Discover,**** **** **** 2292,04/29,ADDR-00715,2024-06-05
CUST-0738,Discover,**** **** **** 5019,04/26,ADDR-00496,2025-03-28
CUST-0634,Visa,**** **** **** 1116,11/26,ADDR-01116,2023-11-26
CUST-0999,Discover,**** **** **** 2480,06/29,ADDR-00598,2024-04-06
CUST-0682,MasterCard,**** **** **** 2408,11/26,ADDR-00791,2025-04-20
CUST-0385,MasterCard,**** **** **** 8984,10/25,ADDR-00732,2023-12-22
CUST-0809,Visa,**** **** **** 2659,07/26,ADDR-00505,2024-02-07
CUST-0980,Visa,**** **** **** 3195,09/25,ADDR-00966,2024-05-12
CUST-0187,Discover,**** **** **** 1461,03/28,ADDR-01218,2024-03-07
CUST-0785,Discover,**** **** **** 7715,01/26,ADDR-00511,2023-10-30
CUST-0182,Visa,**** **** **** 7188,05/26,ADDR-00141,2025-04-16
CUST-0722,Discover,**** **** **** 2254,01/24,ADDR-01277,2024-12-14
CUST-0473,Amex,**** **** **** 4354,06/28,ADDR-01301,2025-07-30
CUST-0307,Discover,**** **** **** 5351,01/26,ADDR-00255,2023-02-08
CUST-0194,Visa,**** **** **** 3217,08/25,ADDR-00017,2023-09-28
CUST-0147,Discover,**** **** **** 7876,04/27,ADDR-00276,2025-08-14
CUST-0878,Visa,**** **** **** 5313,11/26,ADDR-01386,2023-10-05
CUST-0465,Visa,**** **** **** 9664,10/25,ADDR-01213,2023-11-21
CUST-0814,MasterCard,**** **** **** 1354,10/27,ADDR-01178,2025-03-27
CUST-0046,Discover,**** **** **** 9114,07/26,ADDR-01424,2025-02-13
CUST-0882,Visa,**** **** **** 3845,03/28,ADDR-01099,2025-02-20
CUST-0879,Amex,**** **** **** 9341,08/30,ADDR-00553,2025-06-11
CUST-0328,Amex,**** **** **** 2833,12/25,ADDR-00674,2024-07-04
CUST-0767,Discover,**** **** **** 3224,08/24,ADDR-00929,2023-09-30
CUST-0910,MasterCard,**** **** **** 1348,11/27,ADDR-01133,2025-09-09
CUST-0574,Visa,**** **** **** 2731,07/30,ADDR-00555,2025-03-05
CUST-0739,Visa,**** **** **** 4327,05/25,ADDR-01210,2024-05-30
CUST-0779,Visa,**** **** **** 9310,08/25,ADDR-01124,2024-04-26
CUST-0454,Amex,**** **** **** 9388,04/29,ADDR-00480,2023-08-08
CUST-0415,Amex,**** **** **** 8780,08/24,ADDR-00515,2023-04-07
CUST-0239,Visa,**** **** **** 1204,10/24,ADDR-00715,2023-07-17
CUST-0525,Discover,**** **** **** 1379,03/28,ADDR-00262,2024-02-10
CUST-0137,Amex,**** **** **** 5333,03/24,ADDR-00537,2023-03-11
CUST-0671,MasterCard,**** **** **** 4811,02/28,ADDR-00072,2025-01-11
CUST-0669,Amex,**** **** **** 8376,08/25,ADDR-00015,2023-10-02
CUST-0777,Amex,**** **** **** 2086,01/24,ADDR-01449,2024-12-07
CUST-0507,Amex,**** **** **** 2633,10/25,ADDR-00327,2023-10-05
CUST-0381,MasterCard,**** **** **** 2233,01/28,ADDR-00989,2025-01-01
CUST-0631,Amex,**** **** **** 2618,11/25,ADDR-00296,2025-02-07
CUST-0284,Discover,**** **** **** 1461,10/29,ADDR-01143,2024-05-01
CUST-0155,Discover,**** **** **** 5190,10/27,ADDR-00420,2023-07-07
CUST-0182,Amex,**** **** **** 2280,08/30,ADDR-00612,2025-03-23
CUST-0148,MasterCard,**** **** **** 5745,01/26,ADDR-01422,2024-10-23
CUST-0690,MasterCard,**** **** **** 3824,07/24,ADDR-00221,2024-06-30
CUST-0849,Visa,**** **** **** 1580,04/26,ADDR-00784,2024-06-22
CUST-0442,Visa,**** **** **** 7250,04/24,ADDR-00973,2023-01-13
CUST-0153,Discover,**** **** **** 8350,12/29,ADDR-00348,2023-02-27
CUST-0957,MasterCard,**** **** **** 1575,01/28,ADDR-00687,2025-03-09
CUST-0812,MasterCard,**** **** **** 7404,07/29,ADDR-00278,2023-03-13
CUST-0585,Amex,**** **** **** 4220,07/28,ADDR-01195,2023-02-01
CUST-0011,Amex,**** **** **** 8616,08/28,ADDR-00642,2023-01-31
CUST-0062,Visa,**** **** **** 9108,04/25,ADDR-00684,2025-09-05
CUST-0818,Visa,**** **** **** 1425,08/25,ADDR-01261,2024-04-17
CUST-0092,MasterCard,**** **** **** 1567,11/27,ADDR-00352,2023-06-14
CUST-0096,Visa,**** **** **** 4345,09/30,ADDR-00780,2024-08-02
CUST-0043,Discover,**** **** **** 2238,11/27,ADDR-01016,2023-05-26
CUST-0191,Visa,**** **** **** 1408,05/26,ADDR-01454,2025-03-03
CUST-0287,Discover,**** **** **** 2832,08/24,ADDR-01167,2023-06-21
CUST-0561,Visa,**** **** **** 8765,01/27,ADDR-00526,2023-11-10
CUST-0251,Discover,**** **** **** 1881,03/30,ADDR-00462,2025-02-16
CUST-0309,Amex,**** **** **** 3158,03/26,ADDR-00296,2023-04-06
CUST-0664,Discover,**** **** **** 1252,03/26,ADDR-00371,2023-08-08
CUST-0934,Amex,**** **** **** 2348,03/29,ADDR-01361,2025-01-17
CUST-0018,Amex,**** **** **** 5998,12/30,ADDR-00914,2025-03-27
CUST-0863,Discover,**** **** **** 3953,07/28,ADDR-00047,2023-08-02
CUST-0691,MasterCard,**** **** **** 7892,11/29,ADDR-00724,2023-11-20
CUST-0097,MasterCard,**** **** **** 3138,08/27,ADDR-00162,2024-10-29
CUST-0477,Amex,**** **** **** 1394,11/25,ADDR-00554,2025-08-28
CUST-0354,Amex,**** **** **** 9848,06/24,ADDR-00783,2023-02-07
CUST-0135,Visa,**** **** **** 2741,10/29,ADDR-00227,2023-11-24
CUST-0979,Visa,**** **** **** 3797,07/28,ADDR-00829,2025-02-14
CUST-0720,Amex,**** **** **** 9779,07/26,ADDR-00981,2024-07-23
CUST-0439,Discover,**** **** **** 3079,04/27,ADDR-00777,2023-03-02
CUST-0930,Visa,**** **** **** 9195,09/26,ADDR-00639,2024-04-12
CUST-0266,Visa,**** **** **** 9375,12/25,ADDR-00898,2025-04-20
CUST-0674,Visa,**** **** **** 2794,10/24,ADDR-01005,2023-10-26
CUST-0635,MasterCard,**** **** **** 2404,07/26,ADDR-00090,2023-02-21
CUST-0414,MasterCard,**** **** **** 7439,10/29,ADDR-01281,2023-05-11
CUST-0854,MasterCard,**** **** **** 6341,04/26,ADDR-01107,2023-10-03
CUST-0523,Discover,**** **** **** 5430,08/24,ADDR-01033,2023-06-11
CUST-0121,MasterCard,**** **** **** 9647,07/26,ADDR-00562,2024-03-18
CUST-0192,MasterCard,**** **** **** 1159,03/24,ADDR-00341,2023-07-24
CUST-0762,Discover,**** **** **** 3431,01/26,ADDR-00674,2023-01-02
CUST-0900,MasterCard,**** **** **** 4568,01/24,ADDR-00043,2023-01-19
CUST-0562,Discover,**** **** **** 5074,05/29,ADDR-01463,2024-02-17
CUST-0465,MasterCard,**** **** **** 2822,10/24,ADDR-00007,2024-06-12
CUST-0534,Visa,**** **** **** 2987,05/24,ADDR-00832,2025-03-28
CUST-0003,Visa,**** **** **** 2512,07/28,ADDR-01286,2023-06-05
CUST-0841,MasterCard,**** **** **** 3275,11/27,ADDR-00413,2025-08-14
CUST-0468,Discover,**** **** **** 1732,07/24,ADDR-01110,2025-03-25
CUST-0751,Amex,**** **** **** 5918,09/30,ADDR-00169,2025-08-23
CUST-0876,Discover,**** **** **** 8864,05/27,ADDR-00502,2023-02-11
CUST-0052,Visa,**** **** **** 9438,05/29,ADDR-00449,2023-09-13
CUST-0445,Visa,**** **** **** 2585,12/30,ADDR-00501,2025-09-02
CUST-0457,Visa,**** **** **** 2574,09/24,ADDR-00652,2023-04-05
CUST-0679,Amex,**** **** **** 5245,06/28,ADDR-00290,2025-02-16
CUST-0588,Amex,**** **** **** 3458,01/25,ADDR-01303,2023-09-24
CUST-0825,Visa,**** **** **** 2120,06/25,ADDR-00664,2025-02-19
CUST-0245,Amex,**** **** **** 7764,07/24,ADDR-00915,2023-11-26
CUST-0385,Amex,**** **** **** 5642,10/29,ADDR-00560,2025-06-02
CUST-0415,Discover,**** **** **** 8235,03/29,ADDR-00110,2023-04-08
CUST-0060,MasterCard,**** **** **** 5374,11/29,ADDR-00033,2025-04-09
CUST-0143,Visa,**** **** **** 9306,03/25,ADDR-01337,2023-08-16
CUST-0526,Discover,**** **** **** 5734,01/25,ADDR-00801,2023-05-25
CUST-0035,Amex,**** **** **** 9205,02/27,ADDR-00537,2024-12-06
CUST-0333,MasterCard,**** **** **** 8660,04/30,ADDR-00735,2024-10-14
CUST-0995,MasterCard,**** **** **** 7743,05/25,ADDR-00456,2023-12-19
CUST-0466,Visa,**** **** **** 1137,05/24,ADDR-00327,2024-09-26
CUST-0097,MasterCard,**** **** **** 6439,02/28,ADDR-00238,2024-12-04
CUST-0429,Visa,**** **** **** 3894,11/26,ADDR-00709,2024-08-01
CUST-0019,Amex,**** **** **** 7513,02/24,ADDR-00125,2024-04-20
CUST-0617,MasterCard,**** **** **** 4589,01/26,ADDR-00874,2024-02-23
CUST-0025,Visa,**** **** **** 2396,03/28,ADDR-00497,2024-06-18
CUST-0147,Discover,**** **** **** 2419,01/24,ADDR-01482,2025-06-19
CUST-0764,MasterCard,**** **** **** 4285,03/28,ADDR-01285,2024-03-13
CUST-0071,Amex,**** **** **** 2467,03/24,ADDR-01342,2025-07-15
CUST-0271,Amex,**** **** **** 1188,08/29,ADDR-00880,2024-03-21
CUST-0770,Amex,**** **** **** 4676,12/30,ADDR-00530,2023-11-16
CUST-0391,Visa,**** **** **** 6004,11/25,ADDR-00296,2025-09-28
CUST-0451,Discover,**** **** **** 4584,11/26,ADDR-00785,2025-04-25
CUST-0990,Visa,**** **** **** 2754,10/24,ADDR-00682,2023-08-31
CUST-0008,Amex,**** **** **** 9179,12/29,ADDR-01282,2025-10-03
CUST-0210,Amex,**** **** **** 9057,03/26,ADDR-00482,2023-12-25
CUST-0572,Discover,**** **** **** 2361,08/27,ADDR-01096,2023-06-23
CUST-0168,Amex,**** **** **** 2663,12/29,ADDR-00259,2025-04-25
CUST-0470,MasterCard,**** **** **** 7459,08/24,ADDR-01044,2024-02-06
CUST-0868,Discover,**** **** **** 7347,06/29,ADDR-00820,2025-09-02
CUST-0157,MasterCard,**** **** **** 5522,02/28,ADDR-00906,2025-06-24
CUST-0419,Discover,**** **** **** 9366,05/30,ADDR-01278,2023-10-28
CUST-0485,Discover,**** **** **** 2319,11/25,ADDR-01185,2023-03-03
CUST-0655,MasterCard,**** **** **** 6924,01/24,ADDR-00846,2025-09-25
CUST-0956,Visa,**** **** **** 9360,05/28,ADDR-01159,2024-05-09
CUST-0309,MasterCard,**** **** **** 3057,04/26,ADDR-00557,2025-04-11
CUST-0215,Amex,**** **** **** 1878,05/29,ADDR-00859,2025-06-18
CUST-0757,Discover,**** **** **** 9973,03/24,ADDR-00309,2023-03-30
CUST-0345,Discover,**** **** **** 5141,10/29,ADDR-00730,2023-06-17
CUST-0366,Amex,**** **** **** 3819,01/27,ADDR-01352,2024-12-08
CUST-0284,Amex,**** **** **** 2440,02/24,ADDR-01374,2024-12-28
CUST-0628,Discover,**** **** **** 4204,09/28,ADDR-00165,2024-06-27
CUST-0151,Discover,**** **** **** 5080,01/30,ADDR-01370,2024-03-15
CUST-0240,Amex,**** **** **** 4692,06/29,ADDR-01202,2025-03-18
CUST-0295,MasterCard,**** **** **** 2061,09/28,ADDR-00568,2024-08-23
CUST-0821,Discover,**** **** **** 9795,01/27,ADDR-00830,2023-09-23
CUST-0887,Visa,**** **** **** 6690,02/30,ADDR-00207,2023-02-14
CUST-0187,Visa,**** **** **** 3637,06/26,ADDR-00402,2024-11-03
CUST-0768,Amex,**** **** **** 2347,12/25,ADDR-00507,2025-06-02
CUST-0031,Visa,**** **** **** 7577,01/26,ADDR-01252,2025-01-31
CUST-0974,Discover,**** **** **** 1068,04/27,ADDR-00292,2023-04-13
CUST-0731,Discover,**** **** **** 1866,01/25,ADDR-00335,2023-03-05
CUST-0716,MasterCard,**** **** **** 2720,10/27,ADDR-01128,2025-04-27
CUST-0607,Visa,**** **** **** 2313,02/30,ADDR-00566,2023-02-03
CUST-0961,Visa,**** **** **** 4438,05/27,ADDR-00240,2023-09-04
CUST-0110,Discover,**** **** **** 2620,10/30,ADDR-00956,2025-02-19
CUST-0668,Discover,**** **** **** 1746,12/24,ADDR-01291,2025-02-14
CUST-0398,MasterCard,**** **** **** 6812,11/29,ADDR-01264,2025-09-28
CUST-0770,Visa,**** **** **** 9312,05/24,ADDR-01192,2024-10-25
CUST-0292,Discover,**** **** **** 9583,06/30,ADDR-00747,2025-08-01
CUST-0010,Visa,**** **** **** 2262,04/27,ADDR-00698,2023-08-17
CUST-0346,MasterCard,**** **** **** 2955,01/27,ADDR-00341,2024-07-25
CUST-0542,Discover,**** **** **** 9562,12/24,ADDR-00966,2023-05-21
CUST-0799,Discover,**** **** **** 1921,12/25,ADDR-00959,2023-04-25
CUST-0969,Discover,**** **** **** 2733,07/24,ADDR-01132,2024-12-07
CUST-0525,Visa,**** **** **** 8700,03/25,ADDR-00416,2024-11-24
CUST-0611,Discover,**** **** **** 5117,08/27,ADDR-00248,2024-07-02
CUST-0203,Discover,**** **** **** 6551,04/24,ADDR-00917,2025-06-18
CUST-0430,Visa,**** **** **** 1114,03/30,ADDR-00588,2024-07-14
CUST-0016,Amex,**** **** **** 6765,08/30,ADDR-01026,2023-02-02
CUST-0016,MasterCard,**** **** **** 5208,11/30,ADDR-00601,2023-07-18
CUST-0818,MasterCard,**** **** **** 4494,07/25,ADDR-00333,2025-09-20
CUST-0845,Visa,**** **** **** 7401,10/24,ADDR-00788,2024-09-08
CUST-0685,Discover,**** **** **** 6773,08/26,ADDR-00816,2024-11-13
CUST-0484,Visa,**** **** **** 7372,08/29,ADDR-01399,2024-01-01
CUST-0068,Discover,**** **** **** 2939,04/28,ADDR-00747,2024-12-14
CUST-0767,MasterCard,**** **** **** 2465,06/24,ADDR-00237,2025-05-08
CUST-0417,Amex,**** **** **** 3378,07/24,ADDR-00010,2024-05-06
CUST-0951,Visa,**** **** **** 4564,04/26,ADDR-00096,2025-09-29
CUST-0964,Amex,**** **** **** 3564,05/30,ADDR-00434,2024-12-20
CUST-0767,Visa,**** **** **** 9817,04/28,ADDR-00281,2023-10-23
CUST-0555,Amex,**** **** **** 9247,02/25,ADDR-00049,2023-01-11
CUST-0309,Visa,**** **** **** 7964,10/30,ADDR-00153,2025-04-13
CUST-0016,Amex,**** **** **** 4745,01/25,ADDR-00207,2024-01-13
CUST-0934,Visa,**** **** **** 7177,08/29,ADDR-00747,2025-02-20
CUST-0827,Discover,**** **** **** 5764,07/29,ADDR-00502,2023-08-25
CUST-0684,Amex,**** **** **** 4812,05/28,ADDR-00186,2023-04-06
CUST-0004,Amex,**** **** **** 1279,02/30,ADDR-00566,2025-07-22
CUST-0511,Discover,**** **** **** 5252,03/27,ADDR-01036,2025-04-19
CUST-0828,Discover,**** **** **** 3003,06/27,ADDR-00506,2024-07-19
CUST-0346,Amex,**** **** **** 2821,03/28,ADDR-00157,2025-07-16
CUST-0460,Discover,**** **** **** 6398,02/25,ADDR-00480,2024-08-29
CUST-0382,Discover,**** **** **** 9301,02/26,ADDR-00742,2023-09-23
CUST-0159,Discover,**** **** **** 1747,11/30,ADDR-01226,2024-04-17
CUST-0165,MasterCard,**** **** **** 7280,01/25,ADDR-00606,2025-03-16
CUST-0300,Discover,**** **** **** 7058,05/27,ADDR-00948,2024-04-24
CUST-0145,Visa,**** **** **** 6867,02/27,ADDR-00209,2023-01-28
CUST-0472,MasterCard,**** **** **** 2001,09/27,ADDR-00251,2024-01-06
CUST-0394,Amex,**** **** **** 8875,09/29,ADDR-00471,2024-05-07
CUST-0681,Visa,**** **** **** 4547,02/27,ADDR-00652,2023-11-11
CUST-0234,Visa,**** **** **** 4042,08/26,ADDR-00150,2025-05-10
CUST-0309,Amex,**** **** **** 8520,11/25,ADDR-00786,2023-02-21
CUST-0166,MasterCard,**** **** **** 6444,05/30,ADDR-00808,2024-12-02
CUST-0541,Discover,**** **** **** 3416,08/25,ADDR-01137,2024-06-12
CUST-0854,Amex,**** **** **** 1748,08/27,ADDR-00878,2023-09-14
CUST-0140,Visa,**** **** **** 8296,11/27,ADDR-01400,2023-07-31
CUST-0148,Discover,**** **** **** 2107,12/25,ADDR-00693,2023-08-02
CUST-0745,Discover,**** **** **** 8796,07/29,ADDR-00284,2024-01-02
CUST-0619,MasterCard,**** **** **** 4569,09/27,ADDR-01479,2024-05-31
CUST-0856,Discover,**** **** **** 1853,07/29,ADDR-01422,2023-01-31
CUST-0817,Amex,**** **** **** 9470,09/27,ADDR-01212,2024-11-26
CUST-0240,MasterCard,**** **** **** 1942,12/26,ADDR-00759,2025-03-07
CUST-0241,Amex,**** **** **** 1098,06/30,ADDR-00053,2024-12-04
CUST-0538,MasterCard,**** **** **** 8770,04/28,ADDR-00857,2025-01-30
CUST-0086,Amex,**** **** **** 8362,07/26,ADDR-00019,2023-11-18
CUST-0197,Amex,**** **** **** 7741,08/24,ADDR-00971,2024-05-27
CUST-0610,Discover,**** **** **** 9188,12/26,ADDR-00706,2023-09-18
CUST-0163,Discover,**** **** **** 2261,10/29,ADDR-00057,2023-09-05
CUST-0852,Amex,**** **** **** 3411,03/27,ADDR-00431,2025-05-30
CUST-0413,MasterCard,**** **** **** 8461,12/25,ADDR-00370,2023-03-03
CUST-0724,MasterCard,**** **** **** 3874,11/25,ADDR-00988,2023-04-16
CUST-0109,Visa,**** **** **** 8615,06/29,ADDR-01004,2024-03-12
CUST-0622,Visa,**** **** **** 9057,02/27,ADDR-00337,2023-02-28
CUST-0799,Amex,**** **** **** 3582,10/28,ADDR-00762,2023-04-27
CUST-0296,Amex,**** **** **** 7621,10/28,ADDR-00477,2023-02-03
CUST-0384,MasterCard,**** **** **** 2696,07/28,ADDR-00017,2023-08-01
CUST-0599,MasterCard,**** **** **** 4066,01/25,ADDR-00847,2025-09-11
CUST-0583,Visa,**** **** **** 2567,05/25,ADDR-01390,2024-02-12
CUST-0276,Discover,**** **** **** 2268,01/27,ADDR-01119,2023-01-26
CUST-0890,Visa,**** **** **** 8382,08/30,ADDR-00040,2025-08-01
CUST-0222,Visa,**** **** **** 7554,04/27,ADDR-00081,2025-06-28
CUST-0351,Visa,**** **** **** 1539,05/28,ADDR-00407,2023-08-02
CUST-0190,Discover,**** **** **** 8517,03/26,ADDR-00573,2024-01-21
CUST-0592,MasterCard,**** **** **** 2853,08/25,ADDR-01154,2023-10-13
CUST-0802,Discover,**** **** **** 8098,04/28,ADDR-00011,2024-07-06
CUST-0228,Visa,**** **** **** 7515,06/26,ADDR-00125,2023-06-10
CUST-0903,Amex,**** **** **** 6325,02/29,ADDR-01237,2023-08-13
CUST-0756,MasterCard,**** **** **** 3084,08/29,ADDR-00324,2025-02-15
CUST-0506,MasterCard,**** **** **** 9862,02/25,ADDR-01173,2023-05-01
CUST-0842,Discover,**** **** **** 4640,06/29,ADDR-00098,2023-11-02
CUST-0999,Discover,**** **** **** 1974,03/30,ADDR-00882,2025-01-05
CUST-0430,Discover,**** **** **** 7473,11/26,ADDR-00352,2024-04-09
CUST-0884,MasterCard,**** **** **** 5976,06/25,ADDR-01205,2024-05-15
CUST-0272,Amex,**** **** **** 1383,08/29,ADDR-00002,2024-06-01
CUST-0880,Discover,**** **** **** 5937,01/27,ADDR-01015,2024-01-08
CUST-0772,Discover,**** **** **** 1355,03/24,ADDR-01118,2023-01-11
CUST-0682,Visa,**** **** **** 3814,10/24,ADDR-00340,2023-07-10
CUST-0791,Visa,**** **** **** 7085,05/30,ADDR-00488,2024-09-26
CUST-0034,Amex,**** **** **** 5244,09/28,ADDR-00071,2024-08-21
CUST-0231,MasterCard,**** **** **** 3570,06/25,ADDR-00507,2023-07-31
CUST-0178,Visa,**** **** **** 3748,04/26,ADDR-00138,2023-02-11
CUST-0158,Amex,**** **** **** 6429,06/30,ADDR-00122,2023-04-27
CUST-0634,MasterCard,**** **** **** 6531,05/26,ADDR-01471,2024-11-30
CUST-0920,Visa,**** **** **** 4703,07/28,ADDR-01033,2025-04-12
CUST-0568,Amex,**** **** **** 4410,10/25,ADDR-00503,2023-07-17
CUST-0897,MasterCard,**** **** **** 5825,04/27,ADDR-00335,2024-08-29
CUST-0437,MasterCard,**** **** **** 1118,09/24,ADDR-00711,2024-07-31
CUST-0765,MasterCard,**** **** **** 3006,03/30,ADDR-00552,2025-02-09
CUST-0277,Visa,**** **** **** 3649,10/24,ADDR-00910,2025-03-09
CUST-0342,Discover,**** **** **** 6129,10/28,ADDR-01260,2023-05-18
CUST-0975,Visa,**** **** **** 2931,03/25,ADDR-01017,2024-02-16
CUST-0203,Visa,**** **** **** 8882,08/26,ADDR-01205,2024-01-16
CUST-0285,MasterCard,**** **** **** 2074,01/27,ADDR-00374,2024-09-01
CUST-0794,Amex,**** **** **** 2522,10/25,ADDR-00918,2023-12-17
CUST-0638,Visa,**** **** **** 3169,03/27,ADDR-00915,2023-03-19
CUST-0720,MasterCard,**** **** **** 2636,08/26,ADDR-00476,2025-01-09
CUST-0411,MasterCard,**** **** **** 7939,05/27,ADDR-00653,2023-06-04
CUST-0684,Discover,**** **** **** 5126,07/24,ADDR-00291,2024-12-19
CUST-0027,Discover,**** **** **** 2973,08/30,ADDR-00469,2023-01-28
CUST-0005,MasterCard,**** **** **** 9733,05/26,ADDR-00282,2023-10-04
CUST-0063,MasterCard,**** **** **** 3723,12/24,ADDR-00129,2023-12-29
CUST-0708,MasterCard,**** **** **** 6437,06/24,ADDR-00651,2023-04-07
CUST-0278,MasterCard,**** **** **** 3286,02/28,ADDR-01311,2023-04-18
CUST-0307,MasterCard,**** **** **** 1808,09/30,ADDR-00905,2024-05-11
CUST-0940,Discover,**** **** **** 3288,05/27,ADDR-01240,2025-09-24
CUST-0130,Amex,**** **** **** 5117,03/25,ADDR-00192,2024-05-28
CUST-0559,MasterCard,**** **** **** 5167,11/30,ADDR-01384,2023-11-26
CUST-0718,Visa,**** **** **** 3954,12/24,ADDR-00620,2025-03-01
CUST-0556,Discover,**** **** **** 9071,01/27,ADDR-01010,2024-10-11
CUST-0392,MasterCard,**** **** **** 4423,04/30,ADDR-00349,2024-08-26
CUST-0604,Discover,**** **** **** 6804,02/26,ADDR-01265,2025-08-23
CUST-0059,MasterCard,**** **** **** 6575,08/29,ADDR-01112,2024-11-12
CUST-0297,Discover,**** **** **** 5504,01/28,ADDR-00684,2024-10-13
CUST-0516,Amex,**** **** **** 9639,09/25,ADDR-01109,2023-06-25
CUST-0997,Amex,**** **** **** 8163,12/30,ADDR-00979,2023-05-19
CUST-0415,MasterCard,**** **** **** 1294,12/28,ADDR-00546,2024-02-12
CUST-0494,MasterCard,**** **** **** 3757,06/26,ADDR-00444,2025-06-01
CUST-0799,Amex,**** **** **** 7115,02/30,ADDR-01200,2024-02-06
CUST-0173,MasterCard,**** **** **** 3828,03/30,ADDR-00718,2023-01-09
CUST-0774,Visa,**** **** **** 9737,03/26,ADDR-01494,2025-03-25
CUST-0680,Discover,**** **** **** 3752,05/27,ADDR-00353,2024-07-19
CUST-0422,MasterCard,**** **** **** 5127,03/29,ADDR-00027,2023-04-03
CUST-0872,MasterCard,**** **** **** 3662,04/26,ADDR-00179,2023-10-22
CUST-0584,MasterCard,**** **** **** 1187,01/28,ADDR-01439,2024-11-01
CUST-0428,Discover,**** **** **** 3789,12/27,ADDR-00082,2023-05-18
CUST-0420,Discover,**** **** **** 1004,05/30,ADDR-00702,2025-04-27
CUST-0860,Visa,**** **** **** 6919,07/25,ADDR-00380,2023-03-10
CUST-0489,Amex,**** **** **** 1644,01/29,ADDR-00475,2024-09-21
CUST-0077,Visa,**** **** **** 2382,10/25,ADDR-00504,2024-01-15
CUST-0782,MasterCard,**** **** **** 9826,10/25,ADDR-00276,2023-06-14
CUST-0306,Discover,**** **** **** 2534,02/28,ADDR-00456,2024-01-27
CUST-0873,Visa,**** **** **** 1766,07/24,ADDR-01084,2023-05-28
CUST-0473,Discover,**** **** **** 1610,06/27,ADDR-00576,2024-02-14
CUST-0114,Discover,**** **** **** 1899,08/27,ADDR-00266,2024-02-05
CUST-0289,MasterCard,**** **** **** 9613,12/26,ADDR-00022,2023-01-16
CUST-0587,Amex,**** **** **** 4739,08/25,ADDR-00410,2023-10-05
CUST-0434,Visa,**** **** **** 8285,07/29,ADDR-00301,2025-05-27
CUST-0229,Visa,**** **** **** 4368,04/30,ADDR-00841,2023-04-28
CUST-0013,Amex,**** **** **** 5638,12/24,ADDR-00892,2023-11-03
CUST-0141,MasterCard,**** **** **** 2624,07/26,ADDR-00566,2025-07-10
CUST-0837,Amex,**** **** **** 2905,12/25,ADDR-00942,2023-07-02
CUST-0476,Discover,**** **** **** 7362,09/26,ADDR-00977,2025-08-31
CUST-0431,Visa,**** **** **** 7913,12/25,ADDR-00515,2024-09-10
CUST-0300,MasterCard,**** **** **** 1737,05/27,ADDR-00143,2024-04-29
CUST-0336,Amex,**** **** **** 2639,09/28,ADDR-00904,2023-01-21
CUST-0089,Discover,**** **** **** 4093,03/26,ADDR-01429,2023-07-07
CUST-0043,MasterCard,**** **** **** 5702,09/25,ADDR-00912,2023-11-12
CUST-0274,Amex,**** **** **** 2274,08/25,ADDR-00449,2023-10-03
CUST-0354,Discover,**** **** **** 6492,04/28,ADDR-00797,2024-08-09
CUST-0262,Discover,**** **** **** 1176,03/26,ADDR-00601,2025-03-02
CUST-0549,Amex,**** **** **** 4692,07/30,ADDR-00281,2024-03-04
CUST-0573,Visa,**** **** **** 5601,12/27,ADDR-00355,2023-07-22
CUST-0529,Discover,**** **** **** 5361,02/29,ADDR-00025,2025-09-29
CUST-0981,Visa,**** **** **** 6552,04/28,ADDR-00691,2024-10-02
CUST-0907,Amex,**** **** **** 8892,12/26,ADDR-00358,2023-04-04
CUST-0401,Amex,**** **** **** 4841,06/30,ADDR-01209,2024-09-09
CUST-0017,Visa,**** **** **** 4610,08/28,ADDR-00160,2023-09-26
CUST-0689,Discover,**** **** **** 1817,05/27,ADDR-01327,2024-10-12
CUST-0421,Visa,**** **** **** 5810,04/27,ADDR-01035,2025-09-06
CUST-0929,Amex,**** **** **** 5518,04/27,ADDR-00105,2024-02-10
CUST-0746,Discover,**** **** **** 2349,09/30,ADDR-00925,2025-05-13
CUST-0668,Amex,**** **** **** 7809,05/27,ADDR-00958,2023-05-15
CUST-0696,Discover,**** **** **** 4831,07/28,ADDR-00138,2024-01-12
CUST-0675,Amex,**** **** **** 2427,09/26,ADDR-01060,2025-02-03
CUST-0624,Visa,**** **** **** 1979,03/27,ADDR-00974,2025-08-04
