address_id,customer_id,address_line1,address_line2,city,state,zip_code,country
ADDR-00001,CUST-0395,9366 Oak Ave,,Columbus,OH,43457,USA
ADDR-00002,CUST-0790,5811 Cedar Ln,Apt 651,Nashville,TN,58258,USA
ADDR-00003,CUST-0714,1045 Elm St,,Columbus,OH,42347,USA
ADDR-00004,CUST-0249,7927 Main St,Apt 371,Boston,MA,98660,USA
ADDR-00005,CUST-0029,2522 Pine Rd,,El Paso,TX,29315,USA
ADDR-00006,CUST-0261,4153 Cedar Ln,,El Paso,TX,31158,USA
ADDR-00007,CUST-0013,2012 Main St,,Fort Worth,TX,62122,USA
ADDR-00008,CUST-0724,9703 Main St,,San Antonio,TX,65436,USA
ADDR-00009,CUST-0170,7093 Pine Rd,,Indianapolis,IN,79887,USA
ADDR-00010,CUST-0675,6371 Cedar Ln,,Columbus,OH,21648,USA
ADDR-00011,CUST-0112,9481 Pine Rd,Apt 276,Detroit,MI,37462,USA
ADDR-00012,CUST-0953,6620 Elm St,,Philadelphia,PA,74451,USA
ADDR-00013,CUST-0002,1687 Main St,Apt 428,Indianapolis,IN,64636,USA
ADDR-00014,CUST-0671,4824 Elm St,,Philadelphia,PA,59106,USA
ADDR-00015,CUST-0191,2300 Oak Ave,,Indianapolis,IN,24449,USA
ADDR-00016,CUST-0462,9391 Oak Ave,,Los Angeles,CA,33950,USA
ADDR-00017,CUST-0829,3243 Pine Rd,Apt 893,Columbus,OH,67767,USA
ADDR-00018,CUST-0642,1889 Elm St,,San Jose,CA,21233,USA
ADDR-00019,CUST-0387,2142 Pine Rd,,New York,NY,86761,USA
ADDR-00020,CUST-0241,7929 Maple Dr,,Houston,TX,11246,USA
ADDR-00021,CUST-0063,4459 Main St,,Los Angeles,CA,22693,USA
ADDR-00022,CUST-0217,8657 Main St,,Indianapolis,IN,44843,USA
ADDR-00023,CUST-0955,8061 Maple Dr,Apt 619,Columbus,OH,54112,USA
ADDR-00024,CUST-0380,5720 Pine Rd,Apt 964,Jacksonville,FL,97173,USA
ADDR-00025,CUST-0409,6300 Cedar Ln,,Jacksonville,FL,53287,USA
ADDR-00026,CUST-0826,1741 Main St,,Nashville,TN,62665,USA
ADDR-00027,CUST-0743,2375 Main St,,Indianapolis,IN,46630,USA
ADDR-00028,CUST-0974,4172 Pine Rd,,El Paso,TX,96360,USA
ADDR-00029,CUST-0891,7885 Cedar Ln,,San Antonio,TX,10410,USA
ADDR-00030,CUST-0654,5378 Main St,,Los Angeles,CA,52667,USA
ADDR-00031,CUST-0695,7379 Oak Ave,,Fort Worth,TX,90293,USA
ADDR-00032,CUST-0814,1433 Pine Rd,,San Francisco,CA,96289,USA
ADDR-00033,CUST-0878,1745 Elm St,,Washington,DC,35569,USA
ADDR-00034,CUST-0730,2445 Cedar Ln,Apt 804,Nashville,TN,76143,USA
ADDR-00035,CUST-0033,2194 Maple Dr,Apt 309,El Paso,TX,81925,USA
ADDR-00036,CUST-0896,7748 Oak Ave,Apt 978,Houston,TX,73198,USA
ADDR-00037,CUST-0679,8958 Oak Ave,,Philadelphia,PA,96474,USA
ADDR-00038,CUST-0717,1565 Main St,,Nashville,TN,13830,USA
ADDR-00039,CUST-0165,5449 Maple Dr,Apt 226,Detroit,MI,43767,USA
ADDR-00040,CUST-0682,7903 Elm St,,Phoenix,AZ,80063,USA
ADDR-00041,CUST-0649,8160 Main St,Apt 341,San Diego,CA,85493,USA
ADDR-00042,CUST-0785,9941 Main St,,Fort Worth,TX,60023,USA
ADDR-00043,CUST-0670,9306 Maple Dr,Apt 229,Dallas,TX,25163,USA
ADDR-00044,CUST-0298,1536 Main St,,Detroit,MI,87620,USA
ADDR-00045,CUST-0960,3182 Elm St,Apt 587,Jacksonville,FL,26700,USA
ADDR-00046,CUST-0874,5234 Maple Dr,,New York,NY,50737,USA
ADDR-00047,CUST-0064,9767 Cedar Ln,,Fort Worth,TX,65535,USA
ADDR-00048,CUST-0328,6080 Elm St,Apt 130,Indianapolis,IN,96998,USA
ADDR-00049,CUST-0617,9779 Oak Ave,,New York,NY,80555,USA
ADDR-00050,CUST-0873,7646 Pine Rd,,San Jose,CA,38692,USA
ADDR-00051,CUST-0512,7567 Oak Ave,,Phoenix,AZ,97208,USA
ADDR-00052,CUST-0870,662 Cedar Ln,,Indianapolis,IN,26182,USA
ADDR-00053,CUST-0281,9503 Maple Dr,,San Antonio,TX,74883,USA
ADDR-00054,CUST-0299,6271 Main St,Apt 342,Phoenix,AZ,37605,USA
ADDR-00055,CUST-0869,3787 Elm St,Apt 946,Oklahoma City,OK,33464,USA
ADDR-00056,CUST-0878,8087 Elm St,,El Paso,TX,30865,USA
ADDR-00057,CUST-0023,9077 Maple Dr,,El Paso,TX,72052,USA
ADDR-00058,CUST-0357,6512 Maple Dr,,Detroit,MI,47098,USA
ADDR-00059,CUST-0290,3296 Elm St,Apt 404,Houston,TX,27157,USA
ADDR-00060,CUST-0332,9609 Main St,Apt 727,San Jose,CA,69969,USA
ADDR-00061,CUST-0671,2781 Cedar Ln,,Nashville,TN,73234,USA
ADDR-00062,CUST-0299,2472 Oak Ave,,Detroit,MI,35644,USA
ADDR-00063,CUST-0753,249 Pine Rd,Apt 590,Houston,TX,98908,USA
ADDR-00064,CUST-0805,2518 Maple Dr,Apt 438,El Paso,TX,32049,USA
ADDR-00065,CUST-0949,1022 Main St,,San Francisco,CA,33544,USA
ADDR-00066,CUST-0968,959 Main St,Apt 666,Austin,TX,87777,USA
ADDR-00067,CUST-0445,2534 Elm St,Apt 251,Los Angeles,CA,25571,USA
ADDR-00068,CUST-0247,6598 Maple Dr,,Washington,DC,32608,USA
ADDR-00069,CUST-0669,6250 Elm St,Apt 687,El Paso,TX,21745,USA
ADDR-00070,CUST-0797,7696 Elm St,,Boston,MA,95615,USA
ADDR-00071,CUST-0456,6118 Main St,,Chicago,IL,25997,USA
ADDR-00072,CUST-0501,8451 Oak Ave,,Denver,CO,85055,USA
ADDR-00073,CUST-0492,4584 Elm St,Apt 814,Denver,CO,33736,USA
ADDR-00074,CUST-0394,8032 Elm St,Apt 306,Denver,CO,26414,USA
ADDR-00075,CUST-0102,5428 Main St,Apt 883,Seattle,WA,34233,USA
ADDR-00076,CUST-0416,423 Maple Dr,,Seattle,WA,79479,USA
ADDR-00077,CUST-0501,1147 Cedar Ln,Apt 552,Nashville,TN,95419,USA
ADDR-00078,CUST-0128,3499 Elm St,Apt 186,Washington,DC,33584,USA
ADDR-00079,CUST-0006,9188 Maple Dr,Apt 126,Los Angeles,CA,26884,USA
ADDR-00080,CUST-0589,3478 Elm St,,Seattle,WA,43654,USA
ADDR-00081,CUST-0872,673 Main St,Apt 519,San Jose,CA,57652,USA
ADDR-00082,CUST-0990,9019 Oak Ave,,El Paso,TX,10011,USA
ADDR-00083,CUST-0255,5025 Main St,Apt 532,San Jose,CA,96397,USA
ADDR-00084,CUST-0547,7389 Oak Ave,,Nashville,TN,51017,USA
ADDR-00085,CUST-0536,5869 Cedar Ln,,San Antonio,TX,22977,USA
ADDR-00086,CUST-0679,832 Oak Ave,,Phoenix,AZ,49283,USA
ADDR-00087,CUST-0877,3626 Oak Ave,,San Antonio,TX,87566,USA
ADDR-00088,CUST-0368,4644 Oak Ave,Apt 433,Chicago,IL,82069,USA
ADDR-00089,CUST-0262,4370 Maple Dr,,Philadelphia,PA,62436,USA
ADDR-00090,CUST-0468,1464 Pine Rd,,Nashville,TN,28775,USA
ADDR-00091,CUST-0549,3438 Main St,,Dallas,TX,92984,USA
ADDR-00092,CUST-0714,3256 Elm St,,El Paso,TX,94904,USA
ADDR-00093,CUST-0841,8479 Cedar Ln,,Phoenix,AZ,51465,USA
ADDR-00094,CUST-0807,7204 Maple Dr,,Washington,DC,42440,USA
ADDR-00095,CUST-0080,4525 Main St,,El Paso,TX,81875,USA
ADDR-00096,CUST-0417,1180 Pine Rd,,Jacksonville,FL,53714,USA
ADDR-00097,CUST-0797,4576 Oak Ave,Apt 232,Dallas,TX,11292,USA
ADDR-00098,CUST-0101,6279 Oak Ave,,Houston,TX,26187,USA
ADDR-00099,CUST-0180,8725 Elm St,Apt 603,San Francisco,CA,22522,USA
ADDR-00100,CUST-0542,5816 Elm St,,San Jose,CA,82291,USA
ADDR-00101,CUST-0278,1723 Main St,,Oklahoma City,OK,61060,USA
ADDR-00102,CUST-0186,5755 Elm St,,Seattle,WA,82308,USA
ADDR-00103,CUST-0609,6697 Maple Dr,,Dallas,TX,11244,USA
ADDR-00104,CUST-0704,8514 Elm St,,Phoenix,AZ,28700,USA
ADDR-00105,CUST-0388,9398 Elm St,,Detroit,MI,93780,USA
ADDR-00106,CUST-0998,6164 Elm St,Apt 695,Washington,DC,64820,USA
ADDR-00107,CUST-0724,7600 Oak Ave,,Jacksonville,FL,71428,USA
ADDR-00108,CUST-0515,4799 Pine Rd,Apt 534,Nashville,TN,39984,USA
ADDR-00109,CUST-0313,1524 Pine Rd,,Austin,TX,21814,USA
ADDR-00110,CUST-0650,1402 Main St,Apt 968,Chicago,IL,31641,USA
ADDR-00111,CUST-0590,1040 Main St,Apt 568,San Francisco,CA,11401,USA
ADDR-00112,CUST-0986,7046 Elm St,,Detroit,MI,27881,USA
ADDR-00113,CUST-0492,8256 Cedar Ln,,El Paso,TX,79783,USA
ADDR-00114,CUST-0715,2142 Maple Dr,,San Antonio,TX,10955,USA
ADDR-00115,CUST-0732,7062 Elm St,,Jacksonville,FL,42011,USA
ADDR-00116,CUST-0757,8752 Elm St,,Washington,DC,68805,USA
ADDR-00117,CUST-0988,2861 Elm St,Apt 783,Indianapolis,IN,39500,USA
ADDR-00118,CUST-0180,1330 Pine Rd,Apt 527,Jacksonville,FL,16672,USA
ADDR-00119,CUST-0433,8218 Maple Dr,,Houston,TX,54296,USA
ADDR-00120,CUST-0936,4192 Cedar Ln,Apt 879,Houston,TX,48019,USA
ADDR-00121,CUST-0307,8015 Pine Rd,,New York,NY,92729,USA
ADDR-00122,CUST-0583,6549 Oak Ave,Apt 952,Boston,MA,77571,USA
ADDR-00123,CUST-0846,680 Maple Dr,Apt 869,San Francisco,CA,17536,USA
ADDR-00124,CUST-0365,196 Cedar Ln,,San Jose,CA,56385,USA
ADDR-00125,CUST-0110,184 Pine Rd,Apt 191,Fort Worth,TX,56469,USA
ADDR-00126,CUST-0010,1760 Maple Dr,,Chicago,IL,79349,USA
ADDR-00127,CUST-0527,2618 Maple Dr,,San Francisco,CA,10905,USA
ADDR-00128,CUST-0160,4198 Oak Ave,,Jacksonville,FL,49227,USA
ADDR-00129,CUST-0374,7117 Oak Ave,,Dallas,TX,24246,USA
ADDR-00130,CUST-0450,7298 Oak Ave,,Detroit,MI,66880,USA
ADDR-00131,CUST-0006,5985 Elm St,,San Antonio,TX,47342,USA
ADDR-00132,CUST-0042,2290 Maple Dr,,Austin,TX,14142,USA
ADDR-00133,CUST-0165,3360 Maple Dr,Apt 273,Houston,TX,65193,USA
ADDR-00134,CUST-0501,9113 Maple Dr,Apt 732,Phoenix,AZ,52583,USA
ADDR-00135,CUST-0770,6651 Cedar Ln,Apt 760,Fort Worth,TX,27225,USA
ADDR-00136,CUST-0113,1867 Main St,,Jacksonville,FL,75536,USA
ADDR-00137,CUST-0014,3974 Main St,,Austin,TX,66317,USA
ADDR-00138,CUST-1000,9882 Elm St,,San Francisco,CA,47940,USA
ADDR-00139,CUST-0289,8061 Main St,Apt 254,Washington,DC,29987,USA
ADDR-00140,CUST-0747,8476 Oak Ave,,Oklahoma City,OK,25075,USA
ADDR-00141,CUST-0885,4417 Elm St,,Columbus,OH,36006,USA
ADDR-00142,CUST-0486,1788 Elm St,Apt 626,Philadelphia,PA,34729,USA
ADDR-00143,CUST-0876,9786 Elm St,,San Diego,CA,25789,USA
ADDR-00144,CUST-0136,6674 Main St,,San Antonio,TX,29163,USA
ADDR-00145,CUST-0437,389 Cedar Ln,,Los Angeles,CA,59853,USA
ADDR-00146,CUST-0418,8701 Pine Rd,Apt 237,San Diego,CA,54063,USA
ADDR-00147,CUST-0437,7951 Main St,,Boston,MA,16770,USA
ADDR-00148,CUST-0312,1903 Pine Rd,,Jacksonville,FL,64797,USA
ADDR-00149,CUST-0253,5340 Main St,,New York,NY,16832,USA
ADDR-00150,CUST-0677,5369 Oak Ave,,Dallas,TX,89498,USA
ADDR-00151,CUST-0104,7159 Oak Ave,,San Francisco,CA,57655,USA
ADDR-00152,CUST-0343,5086 Main St,,New York,NY,99517,USA
ADDR-00153,CUST-0566,2234 Pine Rd,,Jacksonville,FL,87189,USA
ADDR-00154,CUST-0542,6188 Oak Ave,,San Antonio,TX,86588,USA
ADDR-00155,CUST-0394,1529 Main St,,Detroit,MI,88883,USA
ADDR-00156,CUST-0124,772 Cedar Ln,Apt 906,Boston,MA,34960,USA
ADDR-00157,CUST-0198,7403 Main St,,Seattle,WA,91134,USA
ADDR-00158,CUST-0352,5039 Elm St,,Oklahoma City,OK,36476,USA
ADDR-00159,CUST-0547,2617 Main St,,Columbus,OH,82154,USA
ADDR-00160,CUST-0729,4237 Cedar Ln,Apt 917,Jacksonville,FL,68783,USA
ADDR-00161,CUST-0645,2023 Maple Dr,,Columbus,OH,78650,USA
ADDR-00162,CUST-0954,8355 Main St,,Dallas,TX,26899,USA
ADDR-00163,CUST-0297,844 Cedar Ln,,Nashville,TN,34928,USA
ADDR-00164,CUST-0759,6612 Maple Dr,,Indianapolis,IN,19828,USA
ADDR-00165,CUST-0170,7272 Cedar Ln,,Oklahoma City,OK,61150,USA
ADDR-00166,CUST-0411,4548 Oak Ave,,Philadelphia,PA,84959,USA
ADDR-00167,CUST-0224,9801 Elm St,,Indianapolis,IN,69695,USA
ADDR-00168,CUST-0516,8702 Pine Rd,,San Diego,CA,48844,USA
ADDR-00169,CUST-0726,4499 Cedar Ln,,San Diego,CA,15978,USA
ADDR-00170,CUST-0547,4002 Pine Rd,,Phoenix,AZ,46406,USA
ADDR-00171,CUST-0950,2278 Pine Rd,Apt 53,Boston,MA,42637,USA
ADDR-00172,CUST-0844,3540 Cedar Ln,,Boston,MA,55542,USA
ADDR-00173,CUST-0648,6147 Pine Rd,,Nashville,TN,81994,USA
ADDR-00174,CUST-0271,2289 Maple Dr,Apt 302,Austin,TX,17505,USA
ADDR-00175,CUST-0641,270 Pine Rd,,Dallas,TX,33165,USA
ADDR-00176,CUST-0263,356 Cedar Ln,,Oklahoma City,OK,86449,USA
ADDR-00177,CUST-0109,6358 Elm St,,Boston,MA,93139,USA
ADDR-00178,CUST-0619,9125 Oak Ave,Apt 226,Austin,TX,45231,USA
ADDR-00179,CUST-0209,9629 Elm St,Apt 771,Fort Worth,TX,30400,USA
ADDR-00180,CUST-0457,3896 Elm St,Apt 378,Phoenix,AZ,72784,USA
ADDR-00181,CUST-0096,8225 Oak Ave,,Philadelphia,PA,34754,USA
ADDR-00182,CUST-0584,8136 Elm St,,San Jose,CA,12758,USA
ADDR-00183,CUST-0318,2769 Oak Ave,Apt 704,Washington,DC,34621,USA
ADDR-00184,CUST-0072,2451 Main St,,Charlotte,NC,94557,USA
ADDR-00185,CUST-0994,6694 Main St,Apt 141,Detroit,MI,11545,USA
ADDR-00186,CUST-0618,1733 Maple Dr,,Houston,TX,11776,USA
ADDR-00187,CUST-0782,816 Oak Ave,,Chicago,IL,45082,USA
ADDR-00188,CUST-0147,9924 Main St,Apt 10,Houston,TX,81089,USA
ADDR-00189,CUST-0754,5644 Elm St,,Phoenix,AZ,72970,USA
ADDR-00190,CUST-0778,9321 Maple Dr,Apt 315,Austin,TX,72771,USA
ADDR-00191,CUST-0159,4094 Main St,,Dallas,TX,92245,USA
ADDR-00192,CUST-0557,2116 Main St,Apt 106,Seattle,WA,48894,USA
ADDR-00193,CUST-0106,8481 Maple Dr,,San Diego,CA,13145,USA
ADDR-00194,CUST-0233,7098 Maple Dr,,Boston,MA,47597,USA
ADDR-00195,CUST-0232,6403 Elm St,Apt 843,Houston,TX,74463,USA
ADDR-00196,CUST-0174,1904 Oak Ave,,San Jose,CA,56833,USA
ADDR-00197,CUST-0079,5567 Main St,,Chicago,IL,15681,USA
ADDR-00198,CUST-0620,2575 Oak Ave,,Austin,TX,88592,USA
ADDR-00199,CUST-0186,7067 Oak Ave,Apt 704,San Jose,CA,91888,USA
ADDR-00200,CUST-0838,4802 Pine Rd,Apt 278,San Francisco,CA,96734,USA
ADDR-00201,CUST-0378,4448 Elm St,Apt 808,New York,NY,29482,USA
ADDR-00202,CUST-0797,2501 Pine Rd,,Charlotte,NC,72709,USA
ADDR-00203,CUST-0835,1202 Main St,,Detroit,MI,46500,USA
ADDR-00204,CUST-0149,1581 Pine Rd,Apt 187,Oklahoma City,OK,60465,USA
ADDR-00205,CUST-0362,5331 Maple Dr,,Nashville,TN,64256,USA
ADDR-00206,CUST-0617,5563 Oak Ave,Apt 670,San Diego,CA,60224,USA
ADDR-00207,CUST-0429,9100 Maple Dr,,San Francisco,CA,79792,USA
ADDR-00208,CUST-0550,3870 Maple Dr,,Nashville,TN,65291,USA
ADDR-00209,CUST-0540,9567 Elm St,Apt 225,Nashville,TN,21436,USA
ADDR-00210,CUST-0241,6026 Main St,,New York,NY,57500,USA
ADDR-00211,CUST-0572,7864 Oak Ave,Apt 62,Jacksonville,FL,57298,USA
ADDR-00212,CUST-0870,2383 Pine Rd,,Seattle,WA,65191,USA
ADDR-00213,CUST-0249,3552 Oak Ave,,Phoenix,AZ,25366,USA
ADDR-00214,CUST-0986,2444 Maple Dr,Apt 713,Columbus,OH,58717,USA
ADDR-00215,CUST-0056,1836 Elm St,,San Francisco,CA,87847,USA
ADDR-00216,CUST-0892,2691 Main St,,Phoenix,AZ,20353,USA
ADDR-00217,CUST-0251,1362 Main St,,Columbus,OH,29623,USA
ADDR-00218,CUST-0784,3088 Maple Dr,Apt 767,Indianapolis,IN,49257,USA
ADDR-00219,CUST-0482,6842 Elm St,,Boston,MA,11731,USA
ADDR-00220,CUST-0294,1922 Oak Ave,,Boston,MA,14209,USA
ADDR-00221,CUST-0619,2943 Cedar Ln,,Fort Worth,TX,65524,USA
ADDR-00222,CUST-0697,7543 Cedar Ln,Apt 265,Denver,CO,75781,USA
ADDR-00223,CUST-0314,3824 Maple Dr,Apt 279,Chicago,IL,78354,USA
ADDR-00224,CUST-0387,2150 Elm St,,Washington,DC,17339,USA
ADDR-00225,CUST-0225,6527 Oak Ave,Apt 573,Washington,DC,20119,USA
ADDR-00226,CUST-0837,7774 Maple Dr,,Boston,MA,63097,USA
ADDR-00227,CUST-0848,6333 Oak Ave,,Jacksonville,FL,94757,USA
ADDR-00228,CUST-0435,3290 Pine Rd,,Chicago,IL,57540,USA
ADDR-00229,CUST-0618,5596 Main St,,Philadelphia,PA,80984,USA
ADDR-00230,CUST-0110,1170 Oak Ave,,Oklahoma City,OK,50516,USA
ADDR-00231,CUST-0193,9138 Oak Ave,,Los Angeles,CA,41501,USA
ADDR-00232,CUST-0276,1493 Cedar Ln,,Denver,CO,73413,USA
ADDR-00233,CUST-0047,887 Pine Rd,,San Jose,CA,11111,USA
ADDR-00234,CUST-0366,4726 Maple Dr,,Austin,TX,61202,USA
ADDR-00235,CUST-0744,5930 Oak Ave,Apt 100,Austin,TX,63383,USA
ADDR-00236,CUST-0919,8350 Main St,,Oklahoma City,OK,29685,USA
ADDR-00237,CUST-0025,9720 Maple Dr,,Los Angeles,CA,48026,USA
ADDR-00238,CUST-0166,2582 Elm St,,Boston,MA,22227,USA
ADDR-00239,CUST-0976,3894 Oak Ave,Apt 670,Phoenix,AZ,31108,USA
ADDR-00240,CUST-0987,8318 Cedar Ln,Apt 624,Boston,MA,78588,USA
ADDR-00241,CUST-0953,5693 Maple Dr,Apt 348,San Jose,CA,57227,USA
ADDR-00242,CUST-0639,7159 Main St,Apt 793,El Paso,TX,60807,USA
ADDR-00243,CUST-0245,3521 Cedar Ln,,Phoenix,AZ,84304,USA
ADDR-00244,CUST-0643,8251 Main St,Apt 147,Oklahoma City,OK,50572,USA
ADDR-00245,CUST-0561,1528 Maple Dr,,Austin,TX,32245,USA
ADDR-00246,CUST-0957,4943 Oak Ave,,Denver,CO,57622,USA
ADDR-00247,CUST-0362,1561 Main St,,Oklahoma City,OK,70390,USA
ADDR-00248,CUST-0265,7853 Pine Rd,Apt 453,Boston,MA,28408,USA
ADDR-00249,CUST-0963,2131 Cedar Ln,,Jacksonville,FL,47568,USA
ADDR-00250,CUST-0411,6801 Cedar Ln,Apt 133,Charlotte,NC,58068,USA
ADDR-00251,CUST-0525,5238 Pine Rd,,Columbus,OH,76314,USA
ADDR-00252,CUST-0461,4406 Elm St,,Boston,MA,17478,USA
ADDR-00253,CUST-0759,4111 Elm St,Apt 9,Phoenix,AZ,23801,USA
ADDR-00254,CUST-0298,6257 Oak Ave,,Chicago,IL,39235,USA
ADDR-00255,CUST-0398,7673 Elm St,,Charlotte,NC,71405,USA
ADDR-00256,CUST-0658,8867 Maple Dr,,Philadelphia,PA,24201,USA
ADDR-00257,CUST-0940,6603 Maple Dr,,Austin,TX,18450,USA
ADDR-00258,CUST-0325,5710 Cedar Ln,,Nashville,TN,72419,USA
ADDR-00259,CUST-0118,4660 Maple Dr,,Phoenix,AZ,71599,USA
ADDR-00260,CUST-0150,3597 Pine Rd,,Washington,DC,59844,USA
ADDR-00261,CUST-0064,6022 Maple Dr,Apt 219,Los Angeles,CA,37720,USA
ADDR-00262,CUST-0889,475 Elm St,,Dallas,TX,93320,USA
ADDR-00263,CUST-0181,1469 Oak Ave,,Fort Worth,TX,20709,USA
ADDR-00264,CUST-0306,7496 Maple Dr,,El Paso,TX,44006,USA
ADDR-00265,CUST-0189,980 Main St,Apt 439,Austin,TX,48915,USA
ADDR-00266,CUST-0169,3353 Pine Rd,Apt 494,San Francisco,CA,80189,USA
ADDR-00267,CUST-0706,2732 Elm St,,Nashville,TN,84752,USA
ADDR-00268,CUST-0399,262 Cedar Ln,Apt 612,San Antonio,TX,20198,USA
ADDR-00269,CUST-0741,9577 Cedar Ln,,El Paso,TX,51486,USA
ADDR-00270,CUST-0015,2565 Maple Dr,Apt 512,Austin,TX,24890,USA
ADDR-00271,CUST-0812,6758 Pine Rd,,New York,NY,69055,USA
ADDR-00272,CUST-0966,2159 Elm St,,Denver,CO,22772,USA
ADDR-00273,CUST-0038,3681 Elm St,Apt 431,Nashville,TN,81576,USA
ADDR-00274,CUST-0793,2821 Cedar Ln,,Jacksonville,FL,37494,USA
ADDR-00275,CUST-0976,3231 Elm St,,New York,NY,58530,USA
ADDR-00276,CUST-0834,6060 Main St,,San Jose,CA,75809,USA
ADDR-00277,CUST-0839,2143 Elm St,,Charlotte,NC,64270,USA
ADDR-00278,CUST-0421,5862 Pine Rd,Apt 437,Indianapolis,IN,54017,USA
ADDR-00279,CUST-0117,2980 Maple Dr,,Philadelphia,PA,82450,USA
ADDR-00280,CUST-0610,2764 Cedar Ln,,San Jose,CA,96455,USA
ADDR-00281,CUST-0706,7267 Elm St,,Washington,DC,23005,USA
ADDR-00282,CUST-0090,1800 Main St,,Washington,DC,63907,USA
ADDR-00283,CUST-0107,8233 Elm St,Apt 950,Seattle,WA,23068,USA
ADDR-00284,CUST-0649,7376 Cedar Ln,,Los Angeles,CA,97518,USA
ADDR-00285,CUST-0297,6991 Oak Ave,,Charlotte,NC,82297,USA
ADDR-00286,CUST-0391,1975 Oak Ave,Apt 974,Houston,TX,55955,USA
ADDR-00287,CUST-0991,7701 Maple Dr,Apt 661,Nashville,TN,61879,USA
ADDR-00288,CUST-0008,6238 Oak Ave,,Dallas,TX,96334,USA
ADDR-00289,CUST-0271,5136 Maple Dr,,New York,NY,64336,USA
ADDR-00290,CUST-0034,354 Main St,,Jacksonville,FL,78021,USA
ADDR-00291,CUST-0840,9929 Pine Rd,,Denver,CO,66363,USA
ADDR-00292,CUST-0248,9205 Maple Dr,,Boston,MA,61552,USA
ADDR-00293,CUST-0849,945 Cedar Ln,,Boston,MA,61172,USA
ADDR-00294,CUST-0746,2946 Maple Dr,Apt 530,Philadelphia,PA,67331,USA
ADDR-00295,CUST-0237,1731 Elm St,Apt 517,Houston,TX,92764,USA
ADDR-00296,CUST-0591,6522 Elm St,Apt 858,Seattle,WA,30847,USA
ADDR-00297,CUST-0972,5382 Oak Ave,,New York,NY,67333,USA
ADDR-00298,CUST-0012,9820 Oak Ave,,Nashville,TN,81260,USA
ADDR-00299,CUST-0943,1390 Cedar Ln,,Detroit,MI,27111,USA
ADDR-00300,CUST-0465,5967 Oak Ave,,San Diego,CA,48918,USA
ADDR-00301,CUST-0199,8872 Oak Ave,Apt 827,Fort Worth,TX,44141,USA
ADDR-00302,CUST-0676,947 Pine Rd,,Phoenix,AZ,92239,USA
ADDR-00303,CUST-0024,9592 Main St,,Washington,DC,26080,USA
ADDR-00304,CUST-0110,2423 Pine Rd,,Philadelphia,PA,22160,USA
ADDR-00305,CUST-0080,8197 Pine Rd,Apt 213,Fort Worth,TX,23195,USA
ADDR-00306,CUST-0503,459 Maple Dr,,Boston,MA,20002,USA
ADDR-00307,CUST-0216,6979 Maple Dr,Apt 649,Charlotte,NC,31116,USA
ADDR-00308,CUST-0185,4994 Main St,Apt 676,Denver,CO,92734,USA
ADDR-00309,CUST-0622,615 Main St,Apt 356,San Francisco,CA,90478,USA
ADDR-00310,CUST-0615,9053 Main St,,Detroit,MI,43357,USA
ADDR-00311,CUST-0949,2092 Oak Ave,,Seattle,WA,13019,USA
ADDR-00312,CUST-0531,8484 Oak Ave,,Jacksonville,FL,25045,USA
ADDR-00313,CUST-0921,3654 Main St,,San Diego,CA,20937,USA
ADDR-00314,CUST-0746,2173 Pine Rd,,San Antonio,TX,22054,USA
ADDR-00315,CUST-0357,9135 Elm St,,Detroit,MI,74985,USA
ADDR-00316,CUST-0447,8499 Maple Dr,Apt 257,Philadelphia,PA,35936,USA
ADDR-00317,CUST-0704,4705 Maple Dr,,Oklahoma City,OK,87015,USA
ADDR-00318,CUST-0320,2814 Oak Ave,Apt 500,Columbus,OH,68478,USA
ADDR-00319,CUST-0434,9870 Elm St,,Austin,TX,91646,USA
ADDR-00320,CUST-0111,6375 Maple Dr,,Jacksonville,FL,59015,USA
ADDR-00321,CUST-0920,1152 Maple Dr,,Los Angeles,CA,77024,USA
ADDR-00322,CUST-0260,9715 Maple Dr,,Boston,MA,79533,USA
ADDR-00323,CUST-0361,6625 Main St,,Austin,TX,66280,USA
ADDR-00324,CUST-0810,3146 Pine Rd,,San Antonio,TX,96108,USA
ADDR-00325,CUST-0381,6194 Oak Ave,Apt 126,New York,NY,51758,USA
ADDR-00326,CUST-0705,278 Elm St,,Charlotte,NC,84379,USA
ADDR-00327,CUST-0815,5368 Oak Ave,,Fort Worth,TX,47173,USA
ADDR-00328,CUST-0617,3576 Cedar Ln,,Seattle,WA,46444,USA
ADDR-00329,CUST-0734,1325 Cedar Ln,Apt 432,El Paso,TX,67043,USA
ADDR-00330,CUST-0326,5344 Oak Ave,,San Francisco,CA,75359,USA
ADDR-00331,CUST-0048,4596 Maple Dr,,Charlotte,NC,32431,USA
ADDR-00332,CUST-0616,5455 Cedar Ln,,Denver,CO,12787,USA
ADDR-00333,CUST-0292,392 Elm St,Apt 590,New York,NY,70525,USA
ADDR-00334,CUST-0292,2247 Maple Dr,,Seattle,WA,79142,USA
ADDR-00335,CUST-0041,5627 Elm St,,San Francisco,CA,22467,USA
ADDR-00336,CUST-0850,6900 Elm St,,Austin,TX,55327,USA
ADDR-00337,CUST-0410,1406 Cedar Ln,Apt 506,Washington,DC,16169,USA
ADDR-00338,CUST-0403,4989 Elm St,Apt 506,Boston,MA,25913,USA
ADDR-00339,CUST-0864,6226 Cedar Ln,,San Diego,CA,16269,USA
ADDR-00340,CUST-0846,270 Oak Ave,,Austin,TX,67105,USA
ADDR-00341,CUST-0232,2888 Main St,,Jacksonville,FL,80458,USA
ADDR-00342,CUST-0006,960 Pine Rd,Apt 45,Houston,TX,16291,USA
ADDR-00343,CUST-0970,5085 Main St,,Nashville,TN,90314,USA
ADDR-00344,CUST-0811,6318 Pine Rd,,Phoenix,AZ,86474,USA
ADDR-00345,CUST-0472,2064 Oak Ave,,Phoenix,AZ,86563,USA
ADDR-00346,CUST-0910,6871 Elm St,,Houston,TX,78388,USA
ADDR-00347,CUST-0541,4040 Cedar Ln,,San Francisco,CA,46771,USA
ADDR-00348,CUST-0330,8008 Oak Ave,,Oklahoma City,OK,48828,USA
ADDR-00349,CUST-0729,1456 Pine Rd,,San Diego,CA,96439,USA
ADDR-00350,CUST-0663,3473 Elm St,,San Francisco,CA,17899,USA
ADDR-00351,CUST-0218,315 Elm St,,Fort Worth,TX,34630,USA
ADDR-00352,CUST-0500,1812 Pine Rd,,Denver,CO,79159,USA
ADDR-00353,CUST-0527,5234 Pine Rd,Apt 672,Phoenix,AZ,76127,USA
ADDR-00354,CUST-0109,2230 Oak Ave,Apt 395,Charlotte,NC,91327,USA
ADDR-00355,CUST-0526,3426 Maple Dr,,Dallas,TX,65455,USA
ADDR-00356,CUST-0169,5132 Cedar Ln,,Phoenix,AZ,70418,USA
ADDR-00357,CUST-0898,1855 Elm St,,New York,NY,70404,USA
ADDR-00358,CUST-0192,4470 Main St,,Indianapolis,IN,69328,USA
ADDR-00359,CUST-0361,4451 Main St,Apt 87,Jacksonville,FL,66554,USA
ADDR-00360,CUST-0218,2567 Maple Dr,,Indianapolis,IN,53743,USA
ADDR-00361,CUST-0055,7330 Pine Rd,,Los Angeles,CA,95016,USA
ADDR-00362,CUST-0392,7023 Oak Ave,,Fort Worth,TX,33153,USA
ADDR-00363,CUST-0609,4620 Cedar Ln,,Indianapolis,IN,66828,USA
ADDR-00364,CUST-0112,917 Elm St,,Houston,TX,38780,USA
ADDR-00365,CUST-0118,970 Main St,,San Diego,CA,18630,USA
ADDR-00366,CUST-0545,1755 Pine Rd,,Washington,DC,63026,USA
ADDR-00367,CUST-0402,6537 Main St,,Nashville,TN,45162,USA
ADDR-00368,CUST-0508,3470 Oak Ave,Apt 356,Boston,MA,47747,USA
ADDR-00369,CUST-0723,9869 Pine Rd,Apt 97,Philadelphia,PA,75960,USA
ADDR-00370,CUST-0930,7911 Elm St,,Nashville,TN,41276,USA
ADDR-00371,CUST-0175,5262 Elm St,,Philadelphia,PA,53536,USA
ADDR-00372,CUST-0922,7558 Oak Ave,Apt 683,San Francisco,CA,66088,USA
ADDR-00373,CUST-0343,441 Oak Ave,Apt 903,Chicago,IL,32377,USA
ADDR-00374,CUST-0696,259 Cedar Ln,,San Francisco,CA,86435,USA
ADDR-00375,CUST-0002,8100 Oak Ave,,Los Angeles,CA,12279,USA
ADDR-00376,CUST-0581,4862 Oak Ave,,Philadelphia,PA,29212,USA
ADDR-00377,CUST-0794,1638 Main St,,Detroit,MI,53997,USA
ADDR-00378,CUST-0464,8139 Elm St,,Seattle,WA,43730,USA
ADDR-00379,CUST-0680,8070 Pine Rd,,New York,NY,56219,USA
ADDR-00380,CUST-0309,5567 Cedar Ln,Apt 878,Washington,DC,73485,USA
ADDR-00381,CUST-0116,4522 Elm St,,Boston,MA,12716,USA
ADDR-00382,CUST-0152,6822 Oak Ave,,Phoenix,AZ,56818,USA
ADDR-00383,CUST-0510,606 Oak Ave,,Nashville,TN,66455,USA
ADDR-00384,CUST-0369,3480 Elm St,,Fort Worth,TX,93720,USA
ADDR-00385,CUST-0111,4587 Elm St,,Charlotte,NC,79062,USA
ADDR-00386,CUST-0180,4446 Elm St,,Austin,TX,61252,USA
ADDR-00387,CUST-0604,6936 Pine Rd,,Los Angeles,CA,85958,USA
ADDR-00388,CUST-0533,5724 Cedar Ln,,Charlotte,NC,84273,USA
ADDR-00389,CUST-0992,5785 Pine Rd,,New York,NY,75395,USA
ADDR-00390,CUST-0950,2510 Maple Dr,,Indianapolis,IN,47982,USA
ADDR-00391,CUST-0639,9244 Elm St,,San Francisco,CA,47782,USA
ADDR-00392,CUST-0067,4928 Main St,,San Antonio,TX,47095,USA
ADDR-00393,CUST-0846,9816 Main St,,San Jose,CA,10667,USA
ADDR-00394,CUST-0441,5871 Elm St,Apt 52,Dallas,TX,28051,USA
ADDR-00395,CUST-0359,4741 Cedar Ln,,Oklahoma City,OK,83498,USA
ADDR-00396,CUST-0159,1509 Elm St,,Detroit,MI,35785,USA
ADDR-00397,CUST-0443,9688 Main St,,Los Angeles,CA,72020,USA
ADDR-00398,CUST-0956,5910 Oak Ave,Apt 653,Fort Worth,TX,65386,USA
ADDR-00399,CUST-0409,1707 Pine Rd,Apt 612,San Jose,CA,32715,USA
ADDR-00400,CUST-0578,7240 Elm St,Apt 824,Denver,CO,28242,USA
ADDR-00401,CUST-0700,3368 Pine Rd,,Seattle,WA,36151,USA
ADDR-00402,CUST-0309,5097 Main St,,Boston,MA,70444,USA
ADDR-00403,CUST-0559,3104 Maple Dr,Apt 854,Columbus,OH,22588,USA
ADDR-00404,CUST-0142,8727 Maple Dr,,Indianapolis,IN,99805,USA
ADDR-00405,CUST-0730,5958 Maple Dr,,Charlotte,NC,65116,USA
ADDR-00406,CUST-0985,6821 Maple Dr,,Seattle,WA,13463,USA
ADDR-00407,CUST-0981,6996 Main St,Apt 630,San Jose,CA,41804,USA
ADDR-00408,CUST-0595,8491 Pine Rd,,Seattle,WA,84130,USA
ADDR-00409,CUST-0899,4906 Main St,Apt 403,Phoenix,AZ,62814,USA
ADDR-00410,CUST-0687,197 Maple Dr,Apt 896,Indianapolis,IN,70322,USA
ADDR-00411,CUST-0860,990 Main St,,Boston,MA,24031,USA
ADDR-00412,CUST-0342,9837 Main St,Apt 580,San Francisco,CA,53425,USA
ADDR-00413,CUST-0886,1097 Main St,Apt 691,Indianapolis,IN,16949,USA
ADDR-00414,CUST-0719,3459 Cedar Ln,,Detroit,MI,74920,USA
ADDR-00415,CUST-0140,3762 Elm St,,Phoenix,AZ,49438,USA
ADDR-00416,CUST-0644,5193 Elm St,Apt 7,San Francisco,CA,91744,USA
ADDR-00417,CUST-0705,3388 Main St,,Phoenix,AZ,89140,USA
ADDR-00418,CUST-0902,2083 Cedar Ln,,San Antonio,TX,23579,USA
ADDR-00419,CUST-0486,503 Cedar Ln,,Los Angeles,CA,25966,USA
ADDR-00420,CUST-0308,6728 Maple Dr,Apt 840,San Diego,CA,81659,USA
ADDR-00421,CUST-0267,7294 Elm St,,Columbus,OH,29168,USA
ADDR-00422,CUST-0652,454 Oak Ave,,Detroit,MI,96175,USA
ADDR-00423,CUST-0247,2897 Cedar Ln,Apt 560,San Antonio,TX,72411,USA
ADDR-00424,CUST-0492,4851 Pine Rd,,Denver,CO,74613,USA
ADDR-00425,CUST-0377,4608 Maple Dr,,Houston,TX,70812,USA
ADDR-00426,CUST-0427,7060 Oak Ave,,Charlotte,NC,25745,USA
ADDR-00427,CUST-0578,6480 Main St,,Los Angeles,CA,94555,USA
ADDR-00428,CUST-0667,7382 Main St,Apt 364,Phoenix,AZ,71329,USA
ADDR-00429,CUST-0904,7609 Pine Rd,,Philadelphia,PA,56890,USA
ADDR-00430,CUST-0513,8344 Oak Ave,,Nashville,TN,78820,USA
ADDR-00431,CUST-0400,8505 Main St,,Phoenix,AZ,56119,USA
ADDR-00432,CUST-0672,9326 Pine Rd,,Phoenix,AZ,46482,USA
ADDR-00433,CUST-0804,5063 Maple Dr,,Boston,MA,73405,USA
ADDR-00434,CUST-0386,7829 Cedar Ln,,Denver,CO,76450,USA
ADDR-00435,CUST-0795,8708 Pine Rd,,Austin,TX,87182,USA
ADDR-00436,CUST-0979,9614 Pine Rd,,Fort Worth,TX,18856,USA
ADDR-00437,CUST-0047,583 Elm St,,Houston,TX,97197,USA
ADDR-00438,CUST-0109,8282 Elm St,,Oklahoma City,OK,40347,USA
ADDR-00439,CUST-0791,3976 Main St,Apt 179,Detroit,MI,60342,USA
ADDR-00440,CUST-0774,6982 Main St,,Dallas,TX,25004,USA
ADDR-00441,CUST-0039,1294 Maple Dr,Apt 622,Boston,MA,13861,USA
ADDR-00442,CUST-0946,2951 Pine Rd,,Charlotte,NC,59496,USA
ADDR-00443,CUST-0137,9500 Cedar Ln,,Dallas,TX,74369,USA
ADDR-00444,CUST-0449,4787 Oak Ave,,Philadelphia,PA,66893,USA
ADDR-00445,CUST-0834,8759 Oak Ave,,New York,NY,92459,USA
ADDR-00446,CUST-0983,1676 Oak Ave,,Phoenix,AZ,10686,USA
ADDR-00447,CUST-0369,6785 Cedar Ln,,Chicago,IL,54657,USA
ADDR-00448,CUST-0190,8753 Maple Dr,,San Antonio,TX,84759,USA
ADDR-00449,CUST-0848,7861 Cedar Ln,,Washington,DC,83229,USA
ADDR-00450,CUST-0874,2358 Main St,,Boston,MA,59298,USA
ADDR-00451,CUST-0895,1261 Cedar Ln,,Indianapolis,IN,49089,USA
ADDR-00452,CUST-0104,2032 Maple Dr,,Washington,DC,80849,USA
ADDR-00453,CUST-0339,469 Oak Ave,Apt 297,Dallas,TX,61173,USA
ADDR-00454,CUST-0721,5963 Main St,Apt 162,San Jose,CA,19801,USA
ADDR-00455,CUST-0548,9526 Oak Ave,Apt 955,Washington,DC,75542,USA
ADDR-00456,CUST-0320,6640 Cedar Ln,,Nashville,TN,24532,USA
ADDR-00457,CUST-0597,7816 Pine Rd,,Los Angeles,CA,54308,USA
ADDR-00458,CUST-0432,4374 Oak Ave,,Oklahoma City,OK,17784,USA
ADDR-00459,CUST-0143,3446 Cedar Ln,Apt 338,Oklahoma City,OK,96944,USA
ADDR-00460,CUST-0935,1121 Oak Ave,,Denver,CO,89954,USA
ADDR-00461,CUST-0720,679 Pine Rd,Apt 973,Columbus,OH,88400,USA
ADDR-00462,CUST-0758,1420 Cedar Ln,,Phoenix,AZ,45456,USA
ADDR-00463,CUST-0741,783 Main St,,Indianapolis,IN,39523,USA
ADDR-00464,CUST-0666,5838 Maple Dr,,San Diego,CA,12810,USA
ADDR-00465,CUST-0954,1006 Main St,Apt 831,San Antonio,TX,80016,USA
ADDR-00466,CUST-0623,6315 Elm St,,New York,NY,82416,USA
ADDR-00467,CUST-0494,954 Maple Dr,Apt 713,Phoenix,AZ,66324,USA
ADDR-00468,CUST-0719,7093 Cedar Ln,,Charlotte,NC,25465,USA
ADDR-00469,CUST-0919,6124 Pine Rd,,Columbus,OH,17592,USA
ADDR-00470,CUST-0244,3901 Main St,,San Diego,CA,64141,USA
ADDR-00471,CUST-0766,8885 Cedar Ln,,New York,NY,42757,USA
ADDR-00472,CUST-0833,1031 Main St,,Charlotte,NC,33670,USA
ADDR-00473,CUST-0290,816 Pine Rd,,Boston,MA,42013,USA
ADDR-00474,CUST-0300,2225 Cedar Ln,,El Paso,TX,26040,USA
ADDR-00475,CUST-0673,1358 Main St,,Seattle,WA,36982,USA
ADDR-00476,CUST-0507,5948 Oak Ave,,San Jose,CA,58094,USA
ADDR-00477,CUST-0799,9134 Pine Rd,Apt 251,Indianapolis,IN,45066,USA
ADDR-00478,CUST-0327,8970 Cedar Ln,,Jacksonville,FL,63848,USA
ADDR-00479,CUST-0723,8066 Pine Rd,,Phoenix,AZ,78287,USA
ADDR-00480,CUST-0237,5096 Elm St,,Houston,TX,58809,USA
ADDR-00481,CUST-0743,2425 Main St,Apt 716,Charlotte,NC,95184,USA
ADDR-00482,CUST-0783,7534 Main St,,Los Angeles,CA,45428,USA
ADDR-00483,CUST-0285,9737 Maple Dr,,Chicago,IL,17827,USA
ADDR-00484,CUST-0286,6390 Maple Dr,,Fort Worth,TX,60418,USA
ADDR-00485,CUST-0455,827 Oak Ave,,Philadelphia,PA,96497,USA
ADDR-00486,CUST-0442,8824 Main St,,Los Angeles,CA,80981,USA
ADDR-00487,CUST-0782,5798 Main St,Apt 773,Austin,TX,44410,USA
ADDR-00488,CUST-0830,9782 Oak Ave,Apt 350,Detroit,MI,91465,USA
ADDR-00489,CUST-0445,7104 Elm St,Apt 771,Los Angeles,CA,24314,USA
ADDR-00490,CUST-0567,6458 Elm St,Apt 295,Seattle,WA,70752,USA
ADDR-00491,CUST-0435,9481 Elm St,,Indianapolis,IN,44091,USA
ADDR-00492,CUST-0167,6347 Maple Dr,Apt 947,San Diego,CA,27284,USA
ADDR-00493,CUST-0930,348 Pine Rd,Apt 974,Dallas,TX,21211,USA
ADDR-00494,CUST-0256,8993 Pine Rd,,Fort Worth,TX,15060,USA
ADDR-00495,CUST-0631,4593 Pine Rd,,Dallas,TX,95594,USA
ADDR-00496,CUST-0830,302 Main St,,El Paso,TX,52072,USA
ADDR-00497,CUST-0857,4433 Oak Ave,,New York,NY,67659,USA
ADDR-00498,CUST-0010,7742 Main St,Apt 492,Boston,MA,82955,USA
ADDR-00499,CUST-0224,6794 Main St,,Chicago,IL,46234,USA
ADDR-00500,CUST-0919,9134 Pine Rd,Apt 452,Philadelphia,PA,43817,USA
ADDR-00501,CUST-0785,4624 Pine Rd,Apt 131,San Diego,CA,92619,USA
ADDR-00502,CUST-0179,2506 Cedar Ln,,San Diego,CA,25000,USA
ADDR-00503,CUST-0671,730 Oak Ave,,Charlotte,NC,86007,USA
ADDR-00504,CUST-0325,787 Cedar Ln,Apt 63,Nashville,TN,43954,USA
ADDR-00505,CUST-0999,4317 Main St,,Jacksonville,FL,80836,USA
ADDR-00506,CUST-0736,832 Cedar Ln,,Houston,TX,20155,USA
ADDR-00507,CUST-0520,7371 Main St,,San Diego,CA,36744,USA
ADDR-00508,CUST-0334,9444 Pine Rd,Apt 698,Columbus,OH,19357,USA
ADDR-00509,CUST-0658,7087 Pine Rd,,Austin,TX,89556,USA
ADDR-00510,CUST-0808,6002 Pine Rd,Apt 919,Boston,MA,59114,USA
ADDR-00511,CUST-0482,4917 Cedar Ln,,Jacksonville,FL,15847,USA
ADDR-00512,CUST-0298,2558 Cedar Ln,,Washington,DC,37719,USA
ADDR-00513,CUST-0828,5229 Cedar Ln,Apt 760,Indianapolis,IN,86216,USA
ADDR-00514,CUST-0730,5736 Oak Ave,,Denver,CO,14272,USA
ADDR-00515,CUST-0673,2558 Maple Dr,Apt 665,Chicago,IL,20133,USA
ADDR-00516,CUST-0982,3779 Cedar Ln,,Denver,CO,92617,USA
ADDR-00517,CUST-0562,6949 Cedar Ln,Apt 868,Indianapolis,IN,16741,USA
ADDR-00518,CUST-0622,7838 Elm St,,Charlotte,NC,51541,USA
ADDR-00519,CUST-0276,3295 Cedar Ln,,San Diego,CA,53081,USA
ADDR-00520,CUST-0249,6030 Oak Ave,,Detroit,MI,25127,USA
ADDR-00521,CUST-0710,4049 Maple Dr,Apt 902,Columbus,OH,57432,USA
ADDR-00522,CUST-0082,5866 Cedar Ln,,Jacksonville,FL,95633,USA
ADDR-00523,CUST-0496,3874 Maple Dr,Apt 236,Denver,CO,26420,USA
ADDR-00524,CUST-0948,8908 Oak Ave,Apt 418,El Paso,TX,86645,USA
ADDR-00525,CUST-0682,2363 Cedar Ln,,San Jose,CA,54770,USA
ADDR-00526,CUST-0322,2032 Main St,,Indianapolis,IN,29450,USA
ADDR-00527,CUST-0590,8196 Elm St,Apt 203,Philadelphia,PA,69515,USA
ADDR-00528,CUST-0016,2832 Main St,,Oklahoma City,OK,82689,USA
ADDR-00529,CUST-0729,7798 Elm St,,Los Angeles,CA,66547,USA
ADDR-00530,CUST-0025,2835 Main St,,Indianapolis,IN,60870,USA
ADDR-00531,CUST-0926,7019 Pine Rd,,Nashville,TN,82999,USA
ADDR-00532,CUST-0248,4906 Main St,,Austin,TX,87526,USA
ADDR-00533,CUST-0624,1865 Elm St,,Detroit,MI,56525,USA
ADDR-00534,CUST-0973,7454 Maple Dr,,Detroit,MI,67106,USA
ADDR-00535,CUST-0297,7916 Elm St,,Philadelphia,PA,87274,USA
ADDR-00536,CUST-0939,8445 Main St,,New York,NY,87798,USA
ADDR-00537,CUST-0608,6160 Elm St,,Fort Worth,TX,52000,USA
ADDR-00538,CUST-0450,2995 Cedar Ln,Apt 287,Oklahoma City,OK,22700,USA
ADDR-00539,CUST-0238,4971 Maple Dr,,Denver,CO,77853,USA
ADDR-00540,CUST-0919,8704 Cedar Ln,,Columbus,OH,47389,USA
ADDR-00541,CUST-0331,6392 Pine Rd,Apt 977,Phoenix,AZ,15496,USA
ADDR-00542,CUST-0834,3551 Maple Dr,,Denver,CO,90671,USA
ADDR-00543,CUST-0322,1729 Pine Rd,,Houston,TX,47728,USA
ADDR-00544,CUST-0281,8073 Maple Dr,,Philadelphia,PA,47811,USA
ADDR-00545,CUST-0962,4350 Cedar Ln,Apt 947,San Diego,CA,97350,USA
ADDR-00546,CUST-0286,2410 Main St,,Indianapolis,IN,32131,USA
ADDR-00547,CUST-0029,9904 Main St,Apt 553,Seattle,WA,35576,USA
ADDR-00548,CUST-0007,8101 Main St,,San Jose,CA,84863,USA
ADDR-00549,CUST-0437,7388 Cedar Ln,,Charlotte,NC,48658,USA
ADDR-00550,CUST-0941,1895 Elm St,Apt 866,Houston,TX,68249,USA
ADDR-00551,CUST-0911,7182 Maple Dr,,Phoenix,AZ,46497,USA
ADDR-00552,CUST-0750,2008 Pine Rd,Apt 763,San Diego,CA,19745,USA
ADDR-00553,CUST-0335,2667 Cedar Ln,,Charlotte,NC,92657,USA
ADDR-00554,CUST-0754,8502 Elm St,Apt 724,Nashville,TN,51262,USA
ADDR-00555,CUST-0914,728 Maple Dr,,Nashville,TN,78327,USA
ADDR-00556,CUST-0326,3219 Cedar Ln,,Boston,MA,14670,USA
ADDR-00557,CUST-0972,230 Oak Ave,,Fort Worth,TX,38863,USA
ADDR-00558,CUST-0690,3305 Pine Rd,,San Francisco,CA,34524,USA
ADDR-00559,CUST-0752,8238 Pine Rd,,Boston,MA,21627,USA
ADDR-00560,CUST-0974,8559 Elm St,Apt 4,Columbus,OH,18816,USA
ADDR-00561,CUST-0503,9237 Cedar Ln,,Philadelphia,PA,15087,USA
ADDR-00562,CUST-0429,4410 Cedar Ln,,Denver,CO,40764,USA
ADDR-00563,CUST-0654,5813 Maple Dr,,Philadelphia,PA,49334,USA
ADDR-00564,CUST-0861,3899 Pine Rd,,San Francisco,CA,92578,USA
ADDR-00565,CUST-0402,9895 Pine Rd,,San Jose,CA,22652,USA
ADDR-00566,CUST-0225,1941 Pine Rd,,Charlotte,NC,52650,USA
ADDR-00567,CUST-0254,7060 Main St,,Austin,TX,96587,USA
ADDR-00568,CUST-0117,5794 Elm St,,Phoenix,AZ,73404,USA
ADDR-00569,CUST-0861,8114 Cedar Ln,,San Diego,CA,13796,USA
ADDR-00570,CUST-0298,4489 Cedar Ln,,Columbus,OH,17969,USA
ADDR-00571,CUST-0576,5395 Pine Rd,,Columbus,OH,61298,USA
ADDR-00572,CUST-0829,7340 Maple Dr,,Los Angeles,CA,45168,USA
ADDR-00573,CUST-0498,3687 Pine Rd,,Los Angeles,CA,50437,USA
ADDR-00574,CUST-0459,6814 Oak Ave,,Philadelphia,PA,80256,USA
ADDR-00575,CUST-0212,1907 Cedar Ln,,Phoenix,AZ,89293,USA
ADDR-00576,CUST-0553,426 Elm St,,Fort Worth,TX,21829,USA
ADDR-00577,CUST-0800,5560 Pine Rd,Apt 567,Chicago,IL,95843,USA
ADDR-00578,CUST-0051,8597 Oak Ave,,San Antonio,TX,30577,USA
ADDR-00579,CUST-0859,8876 Maple Dr,Apt 235,San Jose,CA,31155,USA
ADDR-00580,CUST-0933,6225 Pine Rd,,Seattle,WA,42598,USA
ADDR-00581,CUST-0963,323 Main St,Apt 774,Indianapolis,IN,23437,USA
ADDR-00582,CUST-0514,6619 Maple Dr,,San Jose,CA,49513,USA
ADDR-00583,CUST-0025,3868 Elm St,Apt 254,Los Angeles,CA,45711,USA
ADDR-00584,CUST-0768,2125 Maple Dr,,Phoenix,AZ,45389,USA
ADDR-00585,CUST-0883,1491 Main St,,Detroit,MI,64444,USA
ADDR-00586,CUST-0021,341 Elm St,Apt 620,Phoenix,AZ,22524,USA
ADDR-00587,CUST-0754,9736 Maple Dr,,Washington,DC,50919,USA
ADDR-00588,CUST-0804,5403 Maple Dr,,New York,NY,49603,USA
ADDR-00589,CUST-0281,7618 Oak Ave,,Boston,MA,85523,USA
ADDR-00590,CUST-0483,6269 Pine Rd,,San Diego,CA,63258,USA
ADDR-00591,CUST-0575,4663 Maple Dr,,Nashville,TN,79888,USA
ADDR-00592,CUST-0519,4107 Maple Dr,,San Francisco,CA,61595,USA
ADDR-00593,CUST-0975,6206 Cedar Ln,Apt 464,San Diego,CA,85743,USA
ADDR-00594,CUST-0999,507 Maple Dr,Apt 458,Jacksonville,FL,72495,USA
ADDR-00595,CUST-0577,1885 Elm St,,Phoenix,AZ,92564,USA
ADDR-00596,CUST-1000,1470 Main St,,San Antonio,TX,74200,USA
ADDR-00597,CUST-0608,4195 Main St,,Washington,DC,72064,USA
ADDR-00598,CUST-0536,9383 Oak Ave,,San Francisco,CA,43033,USA
ADDR-00599,CUST-0422,5202 Elm St,,Phoenix,AZ,14785,USA
ADDR-00600,CUST-0330,9362 Cedar Ln,,New York,NY,45146,USA
ADDR-00601,CUST-0707,3527 Cedar Ln,Apt 559,San Francisco,CA,51027,USA
ADDR-00602,CUST-0983,3962 Pine Rd,,San Francisco,CA,77427,USA
ADDR-00603,CUST-0569,1434 Main St,,Chicago,IL,59241,USA
ADDR-00604,CUST-0131,323 Oak Ave,,Houston,TX,31783,USA
ADDR-00605,CUST-0203,7269 Main St,,Columbus,OH,74904,USA
ADDR-00606,CUST-0175,8694 Maple Dr,,Seattle,WA,64807,USA
ADDR-00607,CUST-0409,251 Pine Rd,,San Jose,CA,98694,USA
ADDR-00608,CUST-0278,8660 Pine Rd,,Jacksonville,FL,83899,USA
ADDR-00609,CUST-0666,2818 Oak Ave,,El Paso,TX,36799,USA
ADDR-00610,CUST-0823,6182 Cedar Ln,,San Francisco,CA,70670,USA
ADDR-00611,CUST-0216,5509 Elm St,Apt 873,Phoenix,AZ,31527,USA
ADDR-00612,CUST-0537,7863 Main St,,Philadelphia,PA,29706,USA
ADDR-00613,CUST-0482,1198 Main St,,San Antonio,TX,36118,USA
ADDR-00614,CUST-0711,1637 Cedar Ln,,Houston,TX,18009,USA
ADDR-00615,CUST-0640,7779 Cedar Ln,,Jacksonville,FL,93406,USA
ADDR-00616,CUST-0573,3803 Pine Rd,,San Antonio,TX,45989,USA
ADDR-00617,CUST-0292,7082 Cedar Ln,Apt 377,Washington,DC,62857,USA
ADDR-00618,CUST-0957,4273 Cedar Ln,,El Paso,TX,36553,USA
ADDR-00619,CUST-0080,9809 Oak Ave,,San Antonio,TX,46698,USA
ADDR-00620,CUST-0183,4407 Cedar Ln,,Indianapolis,IN,86980,USA
ADDR-00621,CUST-0661,6374 Pine Rd,,Denver,CO,89269,USA
ADDR-00622,CUST-0284,7856 Oak Ave,,San Diego,CA,38369,USA
ADDR-00623,CUST-0094,2500 Oak Ave,,New York,NY,52380,USA
ADDR-00624,CUST-0080,955 Oak Ave,,Charlotte,NC,65758,USA
ADDR-00625,CUST-0681,7828 Pine Rd,,Oklahoma City,OK,25374,USA
ADDR-00626,CUST-0247,9277 Maple Dr,,Fort Worth,TX,72190,USA
ADDR-00627,CUST-0364,5207 Cedar Ln,,Chicago,IL,89348,USA
ADDR-00628,CUST-0863,3604 Oak Ave,Apt 854,Dallas,TX,28728,USA
ADDR-00629,CUST-0861,7263 Cedar Ln,,Nashville,TN,42838,USA
ADDR-00630,CUST-0702,2070 Cedar Ln,Apt 668,Jacksonville,FL,33332,USA
ADDR-00631,CUST-0026,6091 Maple Dr,Apt 355,Detroit,MI,65584,USA
ADDR-00632,CUST-0219,9271 Oak Ave,,Philadelphia,PA,11398,USA
ADDR-00633,CUST-0201,7343 Pine Rd,,New York,NY,86832,USA
ADDR-00634,CUST-0318,5481 Main St,Apt 938,Dallas,TX,75902,USA
ADDR-00635,CUST-0944,312 Cedar Ln,,Boston,MA,46038,USA
ADDR-00636,CUST-0658,7943 Maple Dr,,Nashville,TN,43166,USA
ADDR-00637,CUST-0281,1037 Cedar Ln,Apt 884,Nashville,TN,71709,USA
ADDR-00638,CUST-0623,7546 Maple Dr,,Detroit,MI,94875,USA
ADDR-00639,CUST-0769,9038 Main St,,New York,NY,90336,USA
ADDR-00640,CUST-0916,2609 Elm St,Apt 892,Phoenix,AZ,20855,USA
ADDR-00641,CUST-0430,2056 Main St,,Nashville,TN,18169,USA
ADDR-00642,CUST-0322,1697 Cedar Ln,,San Antonio,TX,95865,USA
ADDR-00643,CUST-0629,373 Pine Rd,Apt 869,Austin,TX,32179,USA
ADDR-00644,CUST-0928,9714 Elm St,Apt 529,New York,NY,97096,USA
ADDR-00645,CUST-0413,6921 Elm St,,Chicago,IL,35289,USA
ADDR-00646,CUST-0845,8316 Oak Ave,Apt 86,Philadelphia,PA,68117,USA
ADDR-00647,CUST-0046,4614 Cedar Ln,,Indianapolis,IN,63641,USA
ADDR-00648,CUST-0178,152 Pine Rd,,Jacksonville,FL,25429,USA
ADDR-00649,CUST-0350,7739 Cedar Ln,Apt 89,Denver,CO,70687,USA
ADDR-00650,CUST-0091,2004 Main St,,Chicago,IL,34334,USA
ADDR-00651,CUST-0326,9785 Elm St,Apt 786,Philadelphia,PA,11368,USA
ADDR-00652,CUST-0223,6236 Maple Dr,,Detroit,MI,42339,USA
ADDR-00653,CUST-0316,3230 Elm St,Apt 136,San Jose,CA,16990,USA
ADDR-00654,CUST-0389,4803 Oak Ave,,Denver,CO,51358,USA
ADDR-00655,CUST-0424,3802 Oak Ave,,San Antonio,TX,33214,USA
ADDR-00656,CUST-0303,4349 Elm St,,Chicago,IL,74210,USA
ADDR-00657,CUST-0364,9581 Pine Rd,,Boston,MA,78556,USA
ADDR-00658,CUST-0461,2893 Main St,Apt 600,Fort Worth,TX,30408,USA
ADDR-00659,CUST-0551,9417 Oak Ave,Apt 445,Jacksonville,FL,94673,USA
ADDR-00660,CUST-0831,4829 Oak Ave,,Indianapolis,IN,82300,USA
ADDR-00661,CUST-0850,4506 Main St,,San Antonio,TX,43844,USA
ADDR-00662,CUST-0224,7762 Pine Rd,,Houston,TX,77768,USA
ADDR-00663,CUST-0675,3154 Maple Dr,,Denver,CO,52335,USA
ADDR-00664,CUST-0382,9336 Maple Dr,,Los Angeles,CA,52253,USA
ADDR-00665,CUST-0719,1813 Elm St,,New York,NY,30807,USA
ADDR-00666,CUST-0432,7890 Pine Rd,,Houston,TX,34525,USA
ADDR-00667,CUST-0936,5965 Pine Rd,,Seattle,WA,34400,USA
ADDR-00668,CUST-0771,456 Maple Dr,Apt 468,Denver,CO,85492,USA
ADDR-00669,CUST-0712,7226 Elm St,,San Diego,CA,43105,USA
ADDR-00670,CUST-0741,6214 Cedar Ln,,El Paso,TX,62579,USA
ADDR-00671,CUST-0308,757 Oak Ave,Apt 923,Indianapolis,IN,24136,USA
ADDR-00672,CUST-0432,7077 Pine Rd,Apt 411,Denver,CO,13742,USA
ADDR-00673,CUST-0168,8491 Oak Ave,Apt 908,Washington,DC,78692,USA
ADDR-00674,CUST-0204,9405 Oak Ave,,Austin,TX,17051,USA
ADDR-00675,CUST-0994,1581 Pine Rd,Apt 145,Jacksonville,FL,70124,USA
ADDR-00676,CUST-0406,2808 Maple Dr,,Phoenix,AZ,36267,USA
ADDR-00677,CUST-0905,2919 Pine Rd,,Philadelphia,PA,40957,USA
ADDR-00678,CUST-0879,3431 Maple Dr,,San Diego,CA,30203,USA
ADDR-00679,CUST-0702,9198 Pine Rd,,Philadelphia,PA,55182,USA
ADDR-00680,CUST-0103,7813 Cedar Ln,,Nashville,TN,37851,USA
ADDR-00681,CUST-0935,7838 Elm St,,Charlotte,NC,41816,USA
ADDR-00682,CUST-0782,1669 Maple Dr,,Oklahoma City,OK,27501,USA
ADDR-00683,CUST-0410,5459 Pine Rd,Apt 748,Columbus,OH,88241,USA
ADDR-00684,CUST-0404,8850 Main St,,El Paso,TX,86864,USA
ADDR-00685,CUST-0028,3732 Cedar Ln,,San Diego,CA,58382,USA
ADDR-00686,CUST-0371,5668 Cedar Ln,Apt 626,Washington,DC,62190,USA
ADDR-00687,CUST-0937,1365 Elm St,,San Francisco,CA,34637,USA
ADDR-00688,CUST-0046,3560 Pine Rd,,Austin,TX,60340,USA
ADDR-00689,CUST-0670,3047 Maple Dr,,San Jose,CA,60700,USA
ADDR-00690,CUST-0692,7975 Main St,,Columbus,OH,33529,USA
ADDR-00691,CUST-0168,6624 Elm St,,Houston,TX,70938,USA
ADDR-00692,CUST-0826,1453 Pine Rd,,Houston,TX,95966,USA
ADDR-00693,CUST-0884,6726 Main St,,Phoenix,AZ,85324,USA
ADDR-00694,CUST-0520,6391 Elm St,,San Francisco,CA,95697,USA
ADDR-00695,CUST-0983,6681 Maple Dr,Apt 311,Columbus,OH,43901,USA
ADDR-00696,CUST-0760,1999 Cedar Ln,Apt 931,Charlotte,NC,75806,USA
ADDR-00697,CUST-0382,7858 Elm St,,Seattle,WA,57823,USA
ADDR-00698,CUST-0115,3030 Maple Dr,,Fort Worth,TX,98436,USA
ADDR-00699,CUST-0082,2563 Main St,,Nashville,TN,87352,USA
ADDR-00700,CUST-0265,3337 Cedar Ln,Apt 746,Charlotte,NC,67001,USA
ADDR-00701,CUST-0050,7714 Pine Rd,,San Francisco,CA,70325,USA
ADDR-00702,CUST-0376,920 Cedar Ln,,Dallas,TX,65797,USA
ADDR-00703,CUST-0346,4952 Main St,,Philadelphia,PA,48435,USA
ADDR-00704,CUST-0366,6933 Main St,,San Jose,CA,93359,USA
ADDR-00705,CUST-0037,9861 Main St,,Los Angeles,CA,79634,USA
ADDR-00706,CUST-0757,6591 Oak Ave,,Seattle,WA,22395,USA
ADDR-00707,CUST-0130,2469 Elm St,,Dallas,TX,55270,USA
ADDR-00708,CUST-0996,7604 Elm St,,Detroit,MI,78623,USA
ADDR-00709,CUST-0583,7610 Main St,,Jacksonville,FL,15018,USA
ADDR-00710,CUST-0151,1756 Maple Dr,,Detroit,MI,20323,USA
ADDR-00711,CUST-0346,5047 Maple Dr,,Philadelphia,PA,43666,USA
ADDR-00712,CUST-0739,1398 Maple Dr,Apt 813,San Antonio,TX,84828,USA
ADDR-00713,CUST-0268,5067 Cedar Ln,,San Diego,CA,16400,USA
ADDR-00714,CUST-0384,9493 Maple Dr,,Columbus,OH,46016,USA
ADDR-00715,CUST-0765,3142 Pine Rd,,Los Angeles,CA,89249,USA
ADDR-00716,CUST-0409,3069 Elm St,,New York,NY,63370,USA
ADDR-00717,CUST-0213,406 Maple Dr,,Dallas,TX,45003,USA
ADDR-00718,CUST-0474,9915 Elm St,,San Diego,CA,39468,USA
ADDR-00719,CUST-0019,5418 Oak Ave,,San Jose,CA,89864,USA
ADDR-00720,CUST-0847,7647 Cedar Ln,,Washington,DC,53090,USA
ADDR-00721,CUST-0555,6474 Maple Dr,Apt 13,Austin,TX,54642,USA
ADDR-00722,CUST-0328,5774 Maple Dr,,Detroit,MI,75401,USA
ADDR-00723,CUST-0216,8820 Elm St,,Fort Worth,TX,43514,USA
ADDR-00724,CUST-0413,628 Elm St,Apt 991,Chicago,IL,92756,USA
ADDR-00725,CUST-0499,9296 Pine Rd,,Detroit,MI,79414,USA
ADDR-00726,CUST-0379,5081 Pine Rd,Apt 463,El Paso,TX,71260,USA
ADDR-00727,CUST-0031,2654 Cedar Ln,,Washington,DC,56088,USA
ADDR-00728,CUST-0579,7170 Maple Dr,Apt 24,Oklahoma City,OK,47209,USA
ADDR-00729,CUST-0570,8140 Oak Ave,,Seattle,WA,27261,USA
ADDR-00730,CUST-0388,2123 Main St,,San Antonio,TX,24500,USA
ADDR-00731,CUST-0585,4840 Oak Ave,Apt 786,Oklahoma City,OK,62575,USA
ADDR-00732,CUST-0564,6793 Pine Rd,Apt 429,Washington,DC,46553,USA
ADDR-00733,CUST-0328,6050 Elm St,,El Paso,TX,92984,USA
ADDR-00734,CUST-0781,5306 Cedar Ln,,Fort Worth,TX,39504,USA
ADDR-00735,CUST-0880,6718 Maple Dr,Apt 294,Charlotte,NC,30574,USA
ADDR-00736,CUST-0947,3010 Maple Dr,,Seattle,WA,53785,USA
ADDR-00737,CUST-0782,7702 Elm St,,Houston,TX,60246,USA
ADDR-00738,CUST-0595,6950 Maple Dr,,Boston,MA,13806,USA
ADDR-00739,CUST-0634,3773 Oak Ave,,Indianapolis,IN,20552,USA
ADDR-00740,CUST-0614,9448 Elm St,,New York,NY,52601,USA
ADDR-00741,CUST-0625,4195 Oak Ave,,San Francisco,CA,99700,USA
ADDR-00742,CUST-0094,6166 Main St,Apt 905,Boston,MA,61031,USA
ADDR-00743,CUST-0566,8477 Oak Ave,Apt 166,Charlotte,NC,58373,USA
ADDR-00744,CUST-0741,4020 Oak Ave,,Nashville,TN,36186,USA
ADDR-00745,CUST-0331,2273 Pine Rd,,New York,NY,37132,USA
ADDR-00746,CUST-0592,7655 Maple Dr,,Washington,DC,68150,USA
ADDR-00747,CUST-0248,2997 Maple Dr,,Houston,TX,89168,USA
ADDR-00748,CUST-0858,5527 Oak Ave,,Detroit,MI,19154,USA
ADDR-00749,CUST-0008,629 Elm St,,Indianapolis,IN,71631,USA
ADDR-00750,CUST-0883,6413 Main St,Apt 981,Dallas,TX,80430,USA
ADDR-00751,CUST-0124,8851 Elm St,,San Francisco,CA,17836,USA
ADDR-00752,CUST-0300,6627 Elm St,Apt 373,Fort Worth,TX,77051,USA
ADDR-00753,CUST-0645,7309 Maple Dr,Apt 107,Phoenix,AZ,44406,USA
ADDR-00754,CUST-0777,9599 Main St,Apt 376,Columbus,OH,96053,USA
ADDR-00755,CUST-0348,2425 Oak Ave,Apt 216,Dallas,TX,22730,USA
ADDR-00756,CUST-0338,1313 Maple Dr,Apt 504,Oklahoma City,OK,42077,USA
ADDR-00757,CUST-0776,4359 Pine Rd,,Charlotte,NC,53340,USA
ADDR-00758,CUST-0807,7478 Elm St,,Dallas,TX,87912,USA
ADDR-00759,CUST-0037,2394 Oak Ave,,New York,NY,38969,USA
ADDR-00760,CUST-0902,6176 Cedar Ln,,San Jose,CA,50194,USA
ADDR-00761,CUST-0968,2693 Cedar Ln,,San Francisco,CA,67653,USA
ADDR-00762,CUST-0690,4931 Oak Ave,Apt 712,Phoenix,AZ,29205,USA
ADDR-00763,CUST-0623,4889 Maple Dr,,San Diego,CA,13670,USA
ADDR-00764,CUST-0872,3567 Cedar Ln,,Denver,CO,11581,USA
ADDR-00765,CUST-0266,6066 Elm St,,Indianapolis,IN,63194,USA
ADDR-00766,CUST-0489,2891 Pine Rd,,Denver,CO,75679,USA
ADDR-00767,CUST-0322,8674 Pine Rd,,San Francisco,CA,94984,USA
ADDR-00768,CUST-0174,8705 Maple Dr,,Fort Worth,TX,11865,USA
ADDR-00769,CUST-0685,1160 Pine Rd,,San Antonio,TX,39400,USA
ADDR-00770,CUST-0154,4659 Cedar Ln,Apt 809,Houston,TX,95196,USA
ADDR-00771,CUST-0202,5940 Maple Dr,,Boston,MA,11599,USA
ADDR-00772,CUST-0861,8687 Oak Ave,Apt 373,El Paso,TX,14304,USA
ADDR-00773,CUST-0409,1719 Pine Rd,,Dallas,TX,82520,USA
ADDR-00774,CUST-0985,8861 Elm St,,Chicago,IL,17336,USA
ADDR-00775,CUST-0458,9384 Cedar Ln,,Dallas,TX,33944,USA
ADDR-00776,CUST-0707,4115 Oak Ave,,Charlotte,NC,33256,USA
ADDR-00777,CUST-0042,4454 Cedar Ln,,Detroit,MI,34905,USA
ADDR-00778,CUST-0751,1143 Oak Ave,,Los Angeles,CA,37227,USA
ADDR-00779,CUST-0234,4096 Cedar Ln,Apt 489,Charlotte,NC,22880,USA
ADDR-00780,CUST-0550,936 Pine Rd,Apt 75,San Antonio,TX,72691,USA
ADDR-00781,CUST-0120,7340 Main St,,Houston,TX,81089,USA
ADDR-00782,CUST-0604,3622 Cedar Ln,,Denver,CO,11258,USA
ADDR-00783,CUST-0596,7141 Main St,Apt 454,Oklahoma City,OK,94230,USA
ADDR-00784,CUST-0200,9749 Elm St,,Charlotte,NC,10064,USA
ADDR-00785,CUST-0258,6771 Cedar Ln,,Boston,MA,33138,USA
ADDR-00786,CUST-0337,8411 Maple Dr,,Boston,MA,49274,USA
ADDR-00787,CUST-0271,8819 Oak Ave,,El Paso,TX,83566,USA
ADDR-00788,CUST-0516,5159 Elm St,,Oklahoma City,OK,33878,USA
ADDR-00789,CUST-0500,206 Pine Rd,Apt 522,San Francisco,CA,74983,USA
ADDR-00790,CUST-0168,3029 Main St,Apt 690,San Jose,CA,22395,USA
ADDR-00791,CUST-0948,7361 Pine Rd,,Seattle,WA,33941,USA
ADDR-00792,CUST-0199,1881 Oak Ave,,Indianapolis,IN,50027,USA
ADDR-00793,CUST-0328,8790 Maple Dr,,San Jose,CA,89891,USA
ADDR-00794,CUST-0216,9455 Elm St,,Philadelphia,PA,35153,USA
ADDR-00795,CUST-0785,6591 Oak Ave,Apt 625,El Paso,TX,30595,USA
ADDR-00796,CUST-0334,8561 Maple Dr,,Columbus,OH,45308,USA
ADDR-00797,CUST-0235,4406 Maple Dr,Apt 855,San Jose,CA,58600,USA
ADDR-00798,CUST-0149,5117 Pine Rd,Apt 850,Detroit,MI,51333,USA
ADDR-00799,CUST-0461,5146 Maple Dr,,Oklahoma City,OK,64673,USA
ADDR-00800,CUST-0006,6720 Main St,Apt 363,Boston,MA,28340,USA
ADDR-00801,CUST-0999,7585 Pine Rd,,Nashville,TN,36504,USA
ADDR-00802,CUST-0214,4293 Pine Rd,Apt 25,Austin,TX,66033,USA
ADDR-00803,CUST-0810,6365 Pine Rd,,Detroit,MI,36142,USA
ADDR-00804,CUST-0817,3622 Cedar Ln,,Dallas,TX,24003,USA
ADDR-00805,CUST-0077,4083 Oak Ave,,San Francisco,CA,87717,USA
ADDR-00806,CUST-0482,853 Elm St,,Nashville,TN,73837,USA
ADDR-00807,CUST-0256,4689 Cedar Ln,,Los Angeles,CA,23295,USA
ADDR-00808,CUST-0058,5714 Pine Rd,,Charlotte,NC,47255,USA
ADDR-00809,CUST-0114,7830 Oak Ave,Apt 76,Austin,TX,64234,USA
ADDR-00810,CUST-0845,2586 Oak Ave,,Denver,CO,36213,USA
ADDR-00811,CUST-0576,1541 Maple Dr,,Denver,CO,81642,USA
ADDR-00812,CUST-0782,4371 Cedar Ln,,San Jose,CA,12864,USA
ADDR-00813,CUST-0144,1214 Elm St,Apt 322,Jacksonville,FL,68437,USA
ADDR-00814,CUST-0766,3619 Oak Ave,,San Diego,CA,70398,USA
ADDR-00815,CUST-0371,5556 Oak Ave,,Nashville,TN,43951,USA
ADDR-00816,CUST-0262,9989 Elm St,Apt 144,Houston,TX,94179,USA
ADDR-00817,CUST-0421,7101 Maple Dr,Apt 818,Los Angeles,CA,79258,USA
ADDR-00818,CUST-0062,8492 Pine Rd,,Columbus,OH,14205,USA
ADDR-00819,CUST-0983,8361 Pine Rd,Apt 504,San Jose,CA,85342,USA
ADDR-00820,CUST-0342,1199 Elm St,,Chicago,IL,83176,USA
ADDR-00821,CUST-0800,1940 Cedar Ln,,Indianapolis,IN,21498,USA
ADDR-00822,CUST-0588,7775 Cedar Ln,,San Antonio,TX,19579,USA
ADDR-00823,CUST-0786,7160 Pine Rd,,Detroit,MI,29949,USA
ADDR-00824,CUST-0667,5513 Main St,,Denver,CO,54539,USA
ADDR-00825,CUST-0465,8746 Elm St,Apt 972,Columbus,OH,12815,USA
ADDR-00826,CUST-0412,9516 Pine Rd,,Fort Worth,TX,12473,USA
ADDR-00827,CUST-0009,3790 Pine Rd,,Dallas,TX,39214,USA
ADDR-00828,CUST-0599,5451 Cedar Ln,,El Paso,TX,36257,USA
ADDR-00829,CUST-0789,9511 Pine Rd,Apt 733,Denver,CO,30002,USA
ADDR-00830,CUST-0194,2529 Oak Ave,,Houston,TX,13437,USA
ADDR-00831,CUST-0547,9961 Main St,Apt 554,Jacksonville,FL,19078,USA
ADDR-00832,CUST-0336,5266 Oak Ave,,San Antonio,TX,49705,USA
ADDR-00833,CUST-0168,7051 Pine Rd,,San Antonio,TX,56575,USA
ADDR-00834,CUST-0028,2349 Maple Dr,,Fort Worth,TX,13332,USA
ADDR-00835,CUST-0455,3517 Maple Dr,,Charlotte,NC,62321,USA
ADDR-00836,CUST-0204,3469 Maple Dr,,Houston,TX,22170,USA
ADDR-00837,CUST-0993,2968 Cedar Ln,Apt 742,Indianapolis,IN,25951,USA
ADDR-00838,CUST-0167,3534 Main St,Apt 759,Washington,DC,56974,USA
ADDR-00839,CUST-0768,5291 Maple Dr,,Chicago,IL,76441,USA
ADDR-00840,CUST-0369,7931 Pine Rd,,Charlotte,NC,12116,USA
ADDR-00841,CUST-0008,6326 Maple Dr,,Houston,TX,56488,USA
ADDR-00842,CUST-0370,5178 Main St,,Boston,MA,49412,USA
ADDR-00843,CUST-0235,1483 Elm St,,Fort Worth,TX,71782,USA
ADDR-00844,CUST-0017,4600 Elm St,,Austin,TX,15946,USA
ADDR-00845,CUST-0145,4179 Oak Ave,,Phoenix,AZ,77976,USA
ADDR-00846,CUST-0160,2397 Elm St,,Los Angeles,CA,18019,USA
ADDR-00847,CUST-0611,3537 Elm St,,Jacksonville,FL,90944,USA
ADDR-00848,CUST-0425,2680 Maple Dr,,Indianapolis,IN,29841,USA
ADDR-00849,CUST-0760,3075 Pine Rd,Apt 113,Philadelphia,PA,13929,USA
ADDR-00850,CUST-0510,3443 Pine Rd,,Jacksonville,FL,44757,USA
ADDR-00851,CUST-0637,5360 Main St,Apt 340,New York,NY,71669,USA
ADDR-00852,CUST-0036,2464 Maple Dr,,Fort Worth,TX,88447,USA
ADDR-00853,CUST-0740,8704 Oak Ave,,New York,NY,55700,USA
ADDR-00854,CUST-0919,3748 Main St,,Chicago,IL,24733,USA
ADDR-00855,CUST-0992,7893 Maple Dr,Apt 877,Seattle,WA,67726,USA
ADDR-00856,CUST-0138,9983 Elm St,,San Francisco,CA,71536,USA
ADDR-00857,CUST-0922,4308 Oak Ave,,Seattle,WA,57917,USA
ADDR-00858,CUST-0980,1679 Maple Dr,,Denver,CO,35727,USA
ADDR-00859,CUST-0129,3693 Cedar Ln,,Phoenix,AZ,39563,USA
ADDR-00860,CUST-0676,1446 Elm St,,Fort Worth,TX,47001,USA
ADDR-00861,CUST-0909,1824 Oak Ave,,Philadelphia,PA,96424,USA
ADDR-00862,CUST-0309,5484 Elm St,Apt 685,Denver,CO,78146,USA
ADDR-00863,CUST-0530,9556 Pine Rd,Apt 135,Austin,TX,65315,USA
ADDR-00864,CUST-0384,2479 Cedar Ln,Apt 872,Los Angeles,CA,60466,USA
ADDR-00865,CUST-0648,886 Oak Ave,Apt 15,Phoenix,AZ,93182,USA
ADDR-00866,CUST-0035,3996 Oak Ave,,New York,NY,84984,USA
ADDR-00867,CUST-0493,8027 Pine Rd,,Denver,CO,63170,USA
ADDR-00868,CUST-0463,3619 Maple Dr,,Seattle,WA,67653,USA
ADDR-00869,CUST-0121,4676 Elm St,Apt 947,Austin,TX,54204,USA
ADDR-00870,CUST-0914,3152 Pine Rd,,San Francisco,CA,81945,USA
ADDR-00871,CUST-0468,1681 Elm St,Apt 782,Indianapolis,IN,44454,USA
ADDR-00872,CUST-0065,6087 Maple Dr,,Seattle,WA,26544,USA
ADDR-00873,CUST-0097,3821 Maple Dr,Apt 124,Seattle,WA,48759,USA
ADDR-00874,CUST-0130,5795 Pine Rd,,Seattle,WA,20874,USA
ADDR-00875,CUST-0990,8369 Oak Ave,,Indianapolis,IN,35543,USA
ADDR-00876,CUST-0146,3734 Main St,,Detroit,MI,56391,USA
ADDR-00877,CUST-0539,9945 Oak Ave,,Indianapolis,IN,78818,USA
ADDR-00878,CUST-0049,8835 Pine Rd,,Nashville,TN,79582,USA
ADDR-00879,CUST-0171,6235 Oak Ave,,Philadelphia,PA,93218,USA
ADDR-00880,CUST-0650,3807 Elm St,,Washington,DC,65576,USA
ADDR-00881,CUST-0879,3412 Pine Rd,,Fort Worth,TX,48862,USA
ADDR-00882,CUST-0400,8648 Maple Dr,Apt 480,Austin,TX,27841,USA
ADDR-00883,CUST-0739,5015 Main St,,Nashville,TN,82844,USA
ADDR-00884,CUST-0685,5205 Oak Ave,Apt 628,Washington,DC,18757,USA
ADDR-00885,CUST-0061,6823 Oak Ave,,Philadelphia,PA,41780,USA
ADDR-00886,CUST-0401,2712 Elm St,,Denver,CO,35345,USA
ADDR-00887,CUST-0255,5841 Main St,,Dallas,TX,28407,USA
ADDR-00888,CUST-0915,6677 Main St,Apt 600,El Paso,TX,29902,USA
ADDR-00889,CUST-0211,7364 Oak Ave,,Oklahoma City,OK,52922,USA
ADDR-00890,CUST-0012,2021 Cedar Ln,,Houston,TX,92384,USA
ADDR-00891,CUST-0613,7818 Oak Ave,,San Jose,CA,26366,USA
ADDR-00892,CUST-0555,7544 Oak Ave,,Oklahoma City,OK,54744,USA
ADDR-00893,CUST-0897,4558 Main St,,Dallas,TX,24789,USA
ADDR-00894,CUST-0642,7743 Maple Dr,,Nashville,TN,73871,USA
ADDR-00895,CUST-0777,4869 Oak Ave,,Chicago,IL,89077,USA
ADDR-00896,CUST-0983,9914 Pine Rd,,El Paso,TX,74819,USA
ADDR-00897,CUST-0857,7185 Maple Dr,,Houston,TX,46726,USA
ADDR-00898,CUST-0863,4619 Pine Rd,,Austin,TX,65003,USA
ADDR-00899,CUST-0683,4216 Pine Rd,,Houston,TX,73641,USA
ADDR-00900,CUST-0249,9697 Maple Dr,,Columbus,OH,97245,USA
ADDR-00901,CUST-0273,1803 Elm St,,Washington,DC,84136,USA
ADDR-00902,CUST-0385,8602 Elm St,,Washington,DC,24129,USA
ADDR-00903,CUST-0605,1715 Cedar Ln,,Oklahoma City,OK,41275,USA
ADDR-00904,CUST-0370,9604 Elm St,Apt 619,Columbus,OH,61608,USA
ADDR-00905,CUST-0736,753 Pine Rd,,Charlotte,NC,70390,USA
ADDR-00906,CUST-0588,8664 Main St,Apt 833,Boston,MA,66596,USA
ADDR-00907,CUST-0686,520 Oak Ave,,New York,NY,92643,USA
ADDR-00908,CUST-0969,5489 Main St,,Columbus,OH,13719,USA
ADDR-00909,CUST-0747,7581 Pine Rd,,El Paso,TX,55095,USA
ADDR-00910,CUST-0361,4174 Pine Rd,,Los Angeles,CA,52534,USA
ADDR-00911,CUST-0470,4411 Oak Ave,,Oklahoma City,OK,81732,USA
ADDR-00912,CUST-0664,5373 Elm St,,Jacksonville,FL,32551,USA
ADDR-00913,CUST-0865,8289 Main St,,Washington,DC,80547,USA
ADDR-00914,CUST-0758,3828 Pine Rd,Apt 104,Detroit,MI,21853,USA
ADDR-00915,CUST-0655,6752 Pine Rd,,Boston,MA,34404,USA
ADDR-00916,CUST-0775,6370 Oak Ave,,Nashville,TN,73627,USA
ADDR-00917,CUST-0360,5621 Maple Dr,Apt 773,Philadelphia,PA,32091,USA
ADDR-00918,CUST-0331,360 Main St,,San Jose,CA,76338,USA
ADDR-00919,CUST-0718,9282 Pine Rd,Apt 552,Philadelphia,PA,62162,USA
ADDR-00920,CUST-0634,1344 Oak Ave,,Nashville,TN,88377,USA
ADDR-00921,CUST-0937,6729 Pine Rd,,Austin,TX,79838,USA
ADDR-00922,CUST-0363,6600 Oak Ave,Apt 107,Detroit,MI,48523,USA
ADDR-00923,CUST-0629,9440 Main St,,San Diego,CA,68004,USA
ADDR-00924,CUST-0846,768 Oak Ave,,El Paso,TX,45885,USA
ADDR-00925,CUST-0027,8201 Oak Ave,Apt 225,San Diego,CA,39600,USA
ADDR-00926,CUST-0451,3638 Oak Ave,,San Diego,CA,12722,USA
ADDR-00927,CUST-0879,8017 Maple Dr,,Seattle,WA,84460,USA
ADDR-00928,CUST-0197,6855 Oak Ave,Apt 595,Fort Worth,TX,92215,USA
ADDR-00929,CUST-0590,6442 Elm St,,Jacksonville,FL,44544,USA
ADDR-00930,CUST-0442,6165 Pine Rd,Apt 960,San Diego,CA,51963,USA
ADDR-00931,CUST-0554,5950 Main St,Apt 138,Austin,TX,42361,USA
ADDR-00932,CUST-0815,8919 Cedar Ln,,Indianapolis,IN,72355,USA
ADDR-00933,CUST-0549,5236 Main St,Apt 619,San Diego,CA,55657,USA
ADDR-00934,CUST-0735,9177 Oak Ave,,Denver,CO,16973,USA
ADDR-00935,CUST-0472,7274 Maple Dr,,Chicago,IL,32458,USA
ADDR-00936,CUST-0023,9274 Maple Dr,,Los Angeles,CA,55561,USA
ADDR-00937,CUST-0489,2522 Main St,,Chicago,IL,46187,USA
ADDR-00938,CUST-0584,4228 Elm St,,Washington,DC,74331,USA
ADDR-00939,CUST-0442,2284 Maple Dr,,Charlotte,NC,50609,USA
ADDR-00940,CUST-0552,5091 Pine Rd,,Indianapolis,IN,63364,USA
ADDR-00941,CUST-0148,8941 Elm St,,New York,NY,89900,USA
ADDR-00942,CUST-0055,5971 Cedar Ln,,Chicago,IL,90458,USA
ADDR-00943,CUST-0066,8779 Maple Dr,Apt 751,San Antonio,TX,42610,USA
ADDR-00944,CUST-0616,3038 Oak Ave,,San Francisco,CA,25663,USA
ADDR-00945,CUST-0340,1559 Main St,Apt 588,Nashville,TN,99830,USA
ADDR-00946,CUST-0397,6777 Maple Dr,,Phoenix,AZ,54996,USA
ADDR-00947,CUST-0188,1670 Pine Rd,,Nashville,TN,66408,USA
ADDR-00948,CUST-0901,4228 Maple Dr,,Dallas,TX,62615,USA
ADDR-00949,CUST-0206,3813 Pine Rd,Apt 649,Chicago,IL,54527,USA
ADDR-00950,CUST-0463,1640 Cedar Ln,,Washington,DC,17982,USA
ADDR-00951,CUST-0571,1069 Elm St,,Philadelphia,PA,10226,USA
ADDR-00952,CUST-0987,8769 Main St,,Fort Worth,TX,50142,USA
ADDR-00953,CUST-0029,9407 Cedar Ln,,Chicago,IL,32595,USA
ADDR-00954,CUST-0194,8262 Oak Ave,,Jacksonville,FL,22709,USA
ADDR-00955,CUST-0894,2634 Cedar Ln,,Philadelphia,PA,67763,USA
ADDR-00956,CUST-0724,3008 Cedar Ln,,Charlotte,NC,13976,USA
ADDR-00957,CUST-0638,735 Cedar Ln,Apt 813,Houston,TX,50850,USA
ADDR-00958,CUST-0958,4874 Main St,,Philadelphia,PA,87346,USA
ADDR-00959,CUST-0531,2842 Main St,,Washington,DC,30349,USA
ADDR-00960,CUST-0628,5627 Maple Dr,Apt 562,Fort Worth,TX,68711,USA
ADDR-00961,CUST-0967,2006 Elm St,,Austin,TX,42272,USA
ADDR-00962,CUST-0375,2416 Oak Ave,Apt 503,San Antonio,TX,62990,USA
ADDR-00963,CUST-0043,5970 Main St,Apt 944,San Francisco,CA,96462,USA
ADDR-00964,CUST-0725,9785 Main St,Apt 94,El Paso,TX,95826,USA
ADDR-00965,CUST-0329,8739 Cedar Ln,,Seattle,WA,78376,USA
ADDR-00966,CUST-0404,9051 Elm St,,Austin,TX,27757,USA
ADDR-00967,CUST-0459,3344 Pine Rd,Apt 437,Fort Worth,TX,67034,USA
ADDR-00968,CUST-0387,1449 Maple Dr,,Houston,TX,52141,USA
ADDR-00969,CUST-0575,8031 Cedar Ln,,San Francisco,CA,47643,USA
ADDR-00970,CUST-0790,1003 Cedar Ln,Apt 193,Chicago,IL,50254,USA
ADDR-00971,CUST-0914,9725 Elm St,Apt 556,Philadelphia,PA,94008,USA
ADDR-00972,CUST-0322,885 Cedar Ln,,San Jose,CA,60449,USA
ADDR-00973,CUST-0193,5863 Cedar Ln,,El Paso,TX,66859,USA
ADDR-00974,CUST-0757,8429 Cedar Ln,Apt 521,Jacksonville,FL,99277,USA
ADDR-00975,CUST-0716,832 Oak Ave,,Philadelphia,PA,39041,USA
ADDR-00976,CUST-0730,5347 Main St,Apt 508,San Antonio,TX,84861,USA
ADDR-00977,CUST-0656,355 Main St,Apt 211,Nashville,TN,25247,USA
ADDR-00978,CUST-0947,4858 Main St,Apt 676,Austin,TX,33207,USA
ADDR-00979,CUST-0400,3841 Pine Rd,Apt 412,Los Angeles,CA,30437,USA
ADDR-00980,CUST-0146,9909 Oak Ave,,Dallas,TX,65422,USA
ADDR-00981,CUST-0697,9447 Elm St,Apt 642,San Jose,CA,36853,USA
ADDR-00982,CUST-0963,4566 Maple Dr,,Columbus,OH,64216,USA
ADDR-00983,CUST-0387,4656 Oak Ave,Apt 500,Dallas,TX,88660,USA
ADDR-00984,CUST-0011,6579 Main St,,Charlotte,NC,26893,USA
ADDR-00985,CUST-0679,3753 Main St,,Houston,TX,30830,USA
ADDR-00986,CUST-0924,8104 Main St,,Austin,TX,31937,USA
ADDR-00987,CUST-0967,4302 Elm St,Apt 712,Fort Worth,TX,47330,USA
ADDR-00988,CUST-0550,4793 Pine Rd,Apt 268,Houston,TX,25650,USA
ADDR-00989,CUST-0405,3411 Main St,,San Francisco,CA,36317,USA
ADDR-00990,CUST-0131,8590 Main St,,Houston,TX,24602,USA
ADDR-00991,CUST-0235,723 Maple Dr,,Oklahoma City,OK,18834,USA
ADDR-00992,CUST-0248,7242 Cedar Ln,,Detroit,MI,28711,USA
ADDR-00993,CUST-0453,9881 Main St,,Indianapolis,IN,34768,USA
ADDR-00994,CUST-0787,3547 Elm St,,Denver,CO,11862,USA
ADDR-00995,CUST-0972,2602 Pine Rd,Apt 257,Philadelphia,PA,55890,USA
ADDR-00996,CUST-0474,3387 Elm St,,Fort Worth,TX,30066,USA
ADDR-00997,CUST-0970,4880 Cedar Ln,,Philadelphia,PA,92210,USA
ADDR-00998,CUST-0200,5603 Elm St,Apt 26,Charlotte,NC,19094,USA
ADDR-00999,CUST-0864,4126 Cedar Ln,,Seattle,WA,31115,USA
ADDR-01000,CUST-0147,9064 Pine Rd,,El Paso,TX,18536,USA
ADDR-01001,CUST-0420,8587 Cedar Ln,,Detroit,MI,32271,USA
ADDR-01002,CUST-0742,5370 Pine Rd,,Houston,TX,99694,USA
ADDR-01003,CUST-0240,196 Maple Dr,,Los Angeles,CA,60793,USA
ADDR-01004,CUST-0788,9388 Main St,Apt 781,Boston,MA,14613,USA
ADDR-01005,CUST-0578,9038 Main St,,San Francisco,CA,84906,USA
ADDR-01006,CUST-0661,6425 Pine Rd,,Fort Worth,TX,68939,USA
ADDR-01007,CUST-0933,3993 Elm St,,Dallas,TX,55239,USA
ADDR-01008,CUST-0652,7554 Maple Dr,Apt 157,Charlotte,NC,80314,USA
ADDR-01009,CUST-0901,6000 Oak Ave,,Boston,MA,32852,USA
ADDR-01010,CUST-0987,6464 Pine Rd,Apt 377,Detroit,MI,12744,USA
ADDR-01011,CUST-0443,5012 Oak Ave,,Columbus,OH,80975,USA
ADDR-01012,CUST-0873,3818 Maple Dr,,Boston,MA,56260,USA
ADDR-01013,CUST-0214,6748 Maple Dr,Apt 472,Detroit,MI,69285,USA
ADDR-01014,CUST-0455,6464 Maple Dr,,Austin,TX,97211,USA
ADDR-01015,CUST-0409,2280 Elm St,,San Diego,CA,38437,USA
ADDR-01016,CUST-0730,3228 Cedar Ln,,Detroit,MI,96419,USA
ADDR-01017,CUST-0803,6054 Maple Dr,,Oklahoma City,OK,63504,USA
ADDR-01018,CUST-0384,5128 Oak Ave,,San Francisco,CA,24240,USA
ADDR-01019,CUST-0556,7510 Pine Rd,Apt 979,Oklahoma City,OK,91735,USA
ADDR-01020,CUST-0423,933 Oak Ave,,Seattle,WA,30541,USA
ADDR-01021,CUST-0676,6396 Cedar Ln,,Charlotte,NC,13124,USA
ADDR-01022,CUST-0711,3482 Maple Dr,,Philadelphia,PA,45824,USA
ADDR-01023,CUST-0764,9330 Oak Ave,,Denver,CO,35927,USA
ADDR-01024,CUST-0155,6838 Pine Rd,,Detroit,MI,27112,USA
ADDR-01025,CUST-0781,8073 Pine Rd,,Oklahoma City,OK,90258,USA
ADDR-01026,CUST-0544,678 Elm St,,Chicago,IL,21239,USA
ADDR-01027,CUST-0022,242 Main St,,Chicago,IL,51064,USA
ADDR-01028,CUST-0954,5944 Oak Ave,Apt 981,San Antonio,TX,50312,USA
ADDR-01029,CUST-0861,1181 Pine Rd,,Austin,TX,86473,USA
ADDR-01030,CUST-0927,7417 Maple Dr,,Philadelphia,PA,47976,USA
ADDR-01031,CUST-0311,1762 Cedar Ln,,Phoenix,AZ,31398,USA
ADDR-01032,CUST-0426,2040 Cedar Ln,Apt 420,Philadelphia,PA,83618,USA
ADDR-01033,CUST-0566,7793 Elm St,Apt 707,San Diego,CA,24858,USA
ADDR-01034,CUST-0680,2502 Maple Dr,,Los Angeles,CA,27773,USA
ADDR-01035,CUST-0902,6341 Maple Dr,,Philadelphia,PA,12615,USA
ADDR-01036,CUST-0601,6037 Maple Dr,,Philadelphia,PA,68632,USA
ADDR-01037,CUST-0916,425 Maple Dr,Apt 581,Jacksonville,FL,54535,USA
ADDR-01038,CUST-0088,6161 Main St,,Washington,DC,49335,USA
ADDR-01039,CUST-0694,6549 Oak Ave,,El Paso,TX,35838,USA
ADDR-01040,CUST-0985,5354 Pine Rd,Apt 972,Chicago,IL,56492,USA
ADDR-01041,CUST-0618,8205 Main St,,Denver,CO,64753,USA
ADDR-01042,CUST-0174,6083 Pine Rd,,Dallas,TX,78214,USA
ADDR-01043,CUST-0926,484 Maple Dr,,Philadelphia,PA,16817,USA
ADDR-01044,CUST-0665,4012 Elm St,,Charlotte,NC,66747,USA
ADDR-01045,CUST-0346,762 Pine Rd,Apt 778,El Paso,TX,70042,USA
ADDR-01046,CUST-0676,1414 Pine Rd,,Phoenix,AZ,91811,USA
ADDR-01047,CUST-0011,9498 Main St,,San Antonio,TX,71619,USA
ADDR-01048,CUST-0390,6463 Main St,,Dallas,TX,59170,USA
ADDR-01049,CUST-0344,6109 Cedar Ln,Apt 803,Columbus,OH,63371,USA
ADDR-01050,CUST-0725,5705 Oak Ave,Apt 737,Dallas,TX,82401,USA
ADDR-01051,CUST-0198,8108 Pine Rd,,Charlotte,NC,98055,USA
ADDR-01052,CUST-0087,5320 Cedar Ln,Apt 24,Phoenix,AZ,24031,USA
ADDR-01053,CUST-0249,1319 Oak Ave,,Phoenix,AZ,84961,USA
ADDR-01054,CUST-0821,3982 Main St,Apt 10,Detroit,MI,11762,USA
ADDR-01055,CUST-0755,5689 Cedar Ln,,Denver,CO,92067,USA
ADDR-01056,CUST-0989,7649 Elm St,Apt 805,El Paso,TX,23871,USA
ADDR-01057,CUST-0628,2098 Main St,Apt 205,Detroit,MI,20637,USA
ADDR-01058,CUST-0191,1602 Elm St,Apt 4,Columbus,OH,99863,USA
ADDR-01059,CUST-0239,3544 Main St,Apt 397,Austin,TX,91979,USA
ADDR-01060,CUST-0543,3256 Maple Dr,Apt 726,San Francisco,CA,89358,USA
ADDR-01061,CUST-0724,3148 Maple Dr,,El Paso,TX,87569,USA
ADDR-01062,CUST-0886,1103 Maple Dr,,New York,NY,20427,USA
ADDR-01063,CUST-0181,3339 Pine Rd,,Seattle,WA,85423,USA
ADDR-01064,CUST-0997,3202 Elm St,,Oklahoma City,OK,19932,USA
ADDR-01065,CUST-0193,3164 Pine Rd,Apt 234,Philadelphia,PA,61729,USA
ADDR-01066,CUST-0651,9804 Pine Rd,,Indianapolis,IN,93964,USA
ADDR-01067,CUST-0293,3675 Maple Dr,,Jacksonville,FL,41558,USA
ADDR-01068,CUST-0544,214 Elm St,Apt 700,Dallas,TX,46890,USA
ADDR-01069,CUST-0773,2742 Main St,,San Francisco,CA,55118,USA
ADDR-01070,CUST-0925,1089 Cedar Ln,Apt 441,Chicago,IL,98347,USA
ADDR-01071,CUST-0783,7406 Main St,Apt 691,Chicago,IL,51733,USA
ADDR-01072,CUST-0603,6022 Elm St,,El Paso,TX,18634,USA
ADDR-01073,CUST-0583,4399 Elm St,Apt 462,Jacksonville,FL,72973,USA
ADDR-01074,CUST-0380,8287 Pine Rd,Apt 321,Seattle,WA,34941,USA
ADDR-01075,CUST-0234,9721 Oak Ave,,Jacksonville,FL,63704,USA
ADDR-01076,CUST-0477,7663 Pine Rd,Apt 867,Fort Worth,TX,70768,USA
ADDR-01077,CUST-0890,7708 Maple Dr,,Detroit,MI,60536,USA
ADDR-01078,CUST-0430,501 Oak Ave,Apt 391,Boston,MA,29580,USA
ADDR-01079,CUST-0410,6091 Main St,,El Paso,TX,32646,USA
ADDR-01080,CUST-0155,9814 Oak Ave,,New York,NY,61287,USA
ADDR-01081,CUST-0484,2555 Pine Rd,,New York,NY,75185,USA
ADDR-01082,CUST-0402,2693 Pine Rd,Apt 875,Seattle,WA,46394,USA
ADDR-01083,CUST-0234,3212 Maple Dr,,San Francisco,CA,66735,USA
ADDR-01084,CUST-0446,2718 Maple Dr,Apt 62,Jacksonville,FL,23895,USA
ADDR-01085,CUST-0069,5396 Elm St,,San Jose,CA,28543,USA
ADDR-01086,CUST-0241,8599 Maple Dr,Apt 427,San Francisco,CA,11699,USA
ADDR-01087,CUST-0980,5146 Elm St,,Boston,MA,50712,USA
ADDR-01088,CUST-0701,7128 Cedar Ln,,Phoenix,AZ,79420,USA
ADDR-01089,CUST-0289,5688 Elm St,,Nashville,TN,26794,USA
ADDR-01090,CUST-0379,9362 Maple Dr,,Charlotte,NC,58497,USA
ADDR-01091,CUST-0428,4132 Oak Ave,Apt 705,San Diego,CA,50964,USA
ADDR-01092,CUST-0650,7901 Pine Rd,,Denver,CO,53392,USA
ADDR-01093,CUST-0716,3284 Oak Ave,Apt 801,Boston,MA,85009,USA
ADDR-01094,CUST-0995,3850 Elm St,,San Diego,CA,42649,USA
ADDR-01095,CUST-0501,9329 Maple Dr,Apt 321,Indianapolis,IN,22528,USA
ADDR-01096,CUST-0394,2530 Cedar Ln,,Indianapolis,IN,74348,USA
ADDR-01097,CUST-0474,9972 Elm St,,Charlotte,NC,61062,USA
ADDR-01098,CUST-0797,3265 Pine Rd,Apt 373,Oklahoma City,OK,17736,USA
ADDR-01099,CUST-0486,4140 Oak Ave,,Austin,TX,56683,USA
ADDR-01100,CUST-0845,8006 Cedar Ln,,Dallas,TX,51947,USA
ADDR-01101,CUST-0497,5247 Cedar Ln,Apt 205,Boston,MA,34667,USA
ADDR-01102,CUST-0981,9890 Cedar Ln,,Detroit,MI,17938,USA
ADDR-01103,CUST-0754,3293 Cedar Ln,Apt 290,San Diego,CA,59284,USA
ADDR-01104,CUST-0434,278 Pine Rd,,Phoenix,AZ,48810,USA
ADDR-01105,CUST-0026,572 Elm St,,Columbus,OH,20316,USA
ADDR-01106,CUST-0378,7717 Oak Ave,,Fort Worth,TX,82779,USA
ADDR-01107,CUST-0161,9829 Maple Dr,Apt 111,Dallas,TX,69761,USA
ADDR-01108,CUST-0283,3340 Elm St,,San Jose,CA,31351,USA
ADDR-01109,CUST-0601,2205 Pine Rd,Apt 127,Los Angeles,CA,52799,USA
ADDR-01110,CUST-0566,7916 Pine Rd,,Detroit,MI,59155,USA
ADDR-01111,CUST-0564,517 Elm St,,Austin,TX,61843,USA
ADDR-01112,CUST-0183,5451 Cedar Ln,Apt 36,Boston,MA,47081,USA
ADDR-01113,CUST-0332,9367 Cedar Ln,,Indianapolis,IN,17321,USA
ADDR-01114,CUST-0741,2260 Maple Dr,,Chicago,IL,28338,USA
ADDR-01115,CUST-0156,1775 Cedar Ln,,Nashville,TN,40803,USA
ADDR-01116,CUST-0095,6003 Pine Rd,,Columbus,OH,55032,USA
ADDR-01117,CUST-0769,1239 Maple Dr,,Los Angeles,CA,78770,USA
ADDR-01118,CUST-0427,6587 Elm St,,Chicago,IL,37165,USA
ADDR-01119,CUST-0460,2706 Main St,Apt 890,Dallas,TX,39805,USA
ADDR-01120,CUST-0246,1025 Elm St,,New York,NY,16879,USA
ADDR-01121,CUST-0659,3794 Maple Dr,,San Diego,CA,40495,USA
ADDR-01122,CUST-0973,2600 Oak Ave,,Austin,TX,60793,USA
ADDR-01123,CUST-0775,6584 Main St,,San Jose,CA,74517,USA
ADDR-01124,CUST-0025,6898 Cedar Ln,,San Antonio,TX,87289,USA
ADDR-01125,CUST-0037,3521 Oak Ave,,New York,NY,55794,USA
ADDR-01126,CUST-0719,1420 Cedar Ln,Apt 522,Philadelphia,PA,62059,USA
ADDR-01127,CUST-0218,2594 Cedar Ln,,Boston,MA,91630,USA
ADDR-01128,CUST-0289,4452 Cedar Ln,,Fort Worth,TX,30953,USA
ADDR-01129,CUST-0855,3402 Cedar Ln,,San Antonio,TX,52868,USA
ADDR-01130,CUST-0920,4365 Maple Dr,,San Jose,CA,69198,USA
ADDR-01131,CUST-0030,7399 Cedar Ln,Apt 688,Indianapolis,IN,63174,USA
ADDR-01132,CUST-0210,3128 Main St,,Houston,TX,36946,USA
ADDR-01133,CUST-0205,9442 Elm St,Apt 853,Nashville,TN,98369,USA
ADDR-01134,CUST-0220,9819 Pine Rd,,Los Angeles,CA,94912,USA
ADDR-01135,CUST-0642,3865 Cedar Ln,Apt 864,Dallas,TX,38417,USA
ADDR-01136,CUST-0524,490 Pine Rd,,Philadelphia,PA,53769,USA
ADDR-01137,CUST-0212,8285 Elm St,,Austin,TX,70015,USA
ADDR-01138,CUST-0401,9960 Oak Ave,Apt 492,Seattle,WA,88215,USA
ADDR-01139,CUST-0293,4171 Main St,,New York,NY,14089,USA
ADDR-01140,CUST-0635,919 Main St,Apt 953,New York,NY,49773,USA
ADDR-01141,CUST-0456,6349 Elm St,,Philadelphia,PA,22744,USA
ADDR-01142,CUST-0055,6130 Oak Ave,,Columbus,OH,58866,USA
ADDR-01143,CUST-0078,4687 Maple Dr,,San Jose,CA,14586,USA
ADDR-01144,CUST-0921,2067 Pine Rd,,Charlotte,NC,36825,USA
ADDR-01145,CUST-0124,597 Maple Dr,,Houston,TX,21284,USA
ADDR-01146,CUST-0743,3947 Maple Dr,Apt 594,Nashville,TN,83065,USA
ADDR-01147,CUST-0280,4524 Main St,Apt 492,Chicago,IL,30092,USA
ADDR-01148,CUST-0221,1167 Maple Dr,,New York,NY,14870,USA
ADDR-01149,CUST-0510,7185 Maple Dr,,New York,NY,85597,USA
ADDR-01150,CUST-0919,821 Elm St,,Oklahoma City,OK,46808,USA
ADDR-01151,CUST-0727,4713 Elm St,,Dallas,TX,13199,USA
ADDR-01152,CUST-0688,4555 Oak Ave,,Charlotte,NC,10255,USA
ADDR-01153,CUST-0666,822 Cedar Ln,Apt 446,Seattle,WA,74032,USA
ADDR-01154,CUST-0811,3893 Elm St,Apt 49,San Jose,CA,57714,USA
ADDR-01155,CUST-0091,9898 Pine Rd,,San Francisco,CA,81380,USA
ADDR-01156,CUST-0168,6215 Elm St,Apt 744,Seattle,WA,80879,USA
ADDR-01157,CUST-0150,5354 Elm St,,Columbus,OH,32801,USA
ADDR-01158,CUST-0595,6682 Pine Rd,,Jacksonville,FL,48331,USA
ADDR-01159,CUST-0152,8202 Elm St,,Jacksonville,FL,66585,USA
ADDR-01160,CUST-0089,9965 Pine Rd,Apt 341,Jacksonville,FL,94602,USA
ADDR-01161,CUST-0478,7485 Cedar Ln,Apt 169,Los Angeles,CA,55017,USA
ADDR-01162,CUST-0519,2476 Cedar Ln,,Boston,MA,30896,USA
ADDR-01163,CUST-0872,9499 Oak Ave,Apt 812,San Antonio,TX,61950,USA
ADDR-01164,CUST-0084,6964 Main St,Apt 558,Los Angeles,CA,78100,USA
ADDR-01165,CUST-0107,9528 Main St,,Seattle,WA,97115,USA
ADDR-01166,CUST-0965,2798 Elm St,,Nashville,TN,53895,USA
ADDR-01167,CUST-0501,2015 Pine Rd,Apt 817,Jacksonville,FL,81886,USA
ADDR-01168,CUST-0960,6571 Cedar Ln,,Fort Worth,TX,38714,USA
ADDR-01169,CUST-0591,5852 Elm St,,Oklahoma City,OK,23949,USA
ADDR-01170,CUST-0232,7532 Oak Ave,Apt 917,Oklahoma City,OK,34684,USA
ADDR-01171,CUST-0734,109 Cedar Ln,Apt 508,Phoenix,AZ,19464,USA
ADDR-01172,CUST-0712,5122 Oak Ave,Apt 311,San Antonio,TX,81036,USA
ADDR-01173,CUST-0654,1682 Oak Ave,,New York,NY,48769,USA
ADDR-01174,CUST-0124,3492 Oak Ave,Apt 697,Chicago,IL,18784,USA
ADDR-01175,CUST-0260,7515 Main St,,Jacksonville,FL,96715,USA
ADDR-01176,CUST-0413,273 Elm St,,Austin,TX,60822,USA
ADDR-01177,CUST-0384,3515 Pine Rd,,Denver,CO,72710,USA
ADDR-01178,CUST-0651,9821 Main St,,Los Angeles,CA,75535,USA
ADDR-01179,CUST-0328,5858 Main St,,San Francisco,CA,60299,USA
ADDR-01180,CUST-0771,8931 Main St,,Denver,CO,91295,USA
ADDR-01181,CUST-0902,5851 Elm St,,New York,NY,59803,USA
ADDR-01182,CUST-0040,8086 Main St,,Seattle,WA,22065,USA
ADDR-01183,CUST-0085,4120 Elm St,Apt 647,Houston,TX,69596,USA
ADDR-01184,CUST-0389,5627 Oak Ave,,San Francisco,CA,14501,USA
ADDR-01185,CUST-0331,5175 Cedar Ln,Apt 876,Charlotte,NC,38384,USA
ADDR-01186,CUST-0629,6827 Main St,,Phoenix,AZ,87781,USA
ADDR-01187,CUST-0884,562 Cedar Ln,,Indianapolis,IN,33754,USA
ADDR-01188,CUST-0475,4601 Elm St,,Seattle,WA,95682,USA
ADDR-01189,CUST-0742,898 Pine Rd,,Nashville,TN,77729,USA
ADDR-01190,CUST-0503,2949 Maple Dr,,Philadelphia,PA,15218,USA
ADDR-01191,CUST-0298,9948 Pine Rd,,El Paso,TX,30289,USA
ADDR-01192,CUST-0992,1358 Oak Ave,,San Diego,CA,10746,USA
ADDR-01193,CUST-0397,2993 Maple Dr,,Philadelphia,PA,39284,USA
ADDR-01194,CUST-0349,9661 Maple Dr,,Charlotte,NC,25216,USA
ADDR-01195,CUST-0104,2794 Oak Ave,,Washington,DC,83763,USA
ADDR-01196,CUST-0025,7277 Maple Dr,,Nashville,TN,66357,USA
ADDR-01197,CUST-0022,8704 Elm St,,Seattle,WA,23936,USA
ADDR-01198,CUST-0429,7860 Main St,,Seattle,WA,65345,USA
ADDR-01199,CUST-0069,1167 Main St,,El Paso,TX,56876,USA
ADDR-01200,CUST-0487,6675 Cedar Ln,Apt 929,Phoenix,AZ,25861,USA
ADDR-01201,CUST-0025,2754 Main St,,El Paso,TX,35757,USA
ADDR-01202,CUST-0457,9044 Pine Rd,,San Francisco,CA,18758,USA
ADDR-01203,CUST-0995,3139 Cedar Ln,,Seattle,WA,15210,USA
ADDR-01204,CUST-0238,3416 Oak Ave,,Detroit,MI,61211,USA
ADDR-01205,CUST-0012,6192 Main St,,New York,NY,24778,USA
ADDR-01206,CUST-0538,4456 Cedar Ln,,San Jose,CA,27964,USA
ADDR-01207,CUST-0328,4092 Maple Dr,Apt 194,El Paso,TX,72227,USA
ADDR-01208,CUST-0490,7943 Oak Ave,,Fort Worth,TX,82487,USA
ADDR-01209,CUST-0649,8970 Main St,,Phoenix,AZ,76829,USA
ADDR-01210,CUST-0149,1214 Maple Dr,,Chicago,IL,84207,USA
ADDR-01211,CUST-0169,4147 Elm St,Apt 860,Boston,MA,57411,USA
ADDR-01212,CUST-0961,3792 Pine Rd,,Oklahoma City,OK,66606,USA
ADDR-01213,CUST-0044,5350 Maple Dr,,El Paso,TX,58979,USA
ADDR-01214,CUST-0401,7469 Cedar Ln,Apt 231,Detroit,MI,26688,USA
ADDR-01215,CUST-0491,8448 Maple Dr,,Oklahoma City,OK,93275,USA
ADDR-01216,CUST-0162,4054 Cedar Ln,,San Francisco,CA,19837,USA
ADDR-01217,CUST-0444,9927 Main St,,Seattle,WA,21120,USA
ADDR-01218,CUST-0722,2484 Elm St,,Dallas,TX,61546,USA
ADDR-01219,CUST-0288,7710 Elm St,Apt 940,Austin,TX,49779,USA
ADDR-01220,CUST-0857,8870 Cedar Ln,,San Jose,CA,71592,USA
ADDR-01221,CUST-0524,8091 Maple Dr,Apt 860,Nashville,TN,87274,USA
ADDR-01222,CUST-0712,9278 Elm St,,El Paso,TX,85233,USA
ADDR-01223,CUST-0141,7789 Pine Rd,,San Francisco,CA,54880,USA
ADDR-01224,CUST-0546,8570 Cedar Ln,,Dallas,TX,92460,USA
ADDR-01225,CUST-0275,4544 Pine Rd,,San Diego,CA,51032,USA
ADDR-01226,CUST-0950,5411 Oak Ave,,Jacksonville,FL,50153,USA
ADDR-01227,CUST-0197,5588 Cedar Ln,,Dallas,TX,44591,USA
ADDR-01228,CUST-0613,7044 Elm St,,Oklahoma City,OK,90354,USA
ADDR-01229,CUST-0912,2381 Elm St,,El Paso,TX,99912,USA
ADDR-01230,CUST-0371,8992 Cedar Ln,,Charlotte,NC,86251,USA
ADDR-01231,CUST-0533,2941 Main St,Apt 898,San Jose,CA,93701,USA
ADDR-01232,CUST-0253,3470 Cedar Ln,Apt 851,Austin,TX,33996,USA
ADDR-01233,CUST-0909,8242 Pine Rd,,San Francisco,CA,45486,USA
ADDR-01234,CUST-0955,9409 Maple Dr,,Phoenix,AZ,43387,USA
ADDR-01235,CUST-0621,1280 Pine Rd,,Fort Worth,TX,82179,USA
ADDR-01236,CUST-0403,153 Main St,,Dallas,TX,74887,USA
ADDR-01237,CUST-0466,9121 Cedar Ln,Apt 524,Denver,CO,65114,USA
ADDR-01238,CUST-0204,4453 Main St,Apt 644,San Francisco,CA,88023,USA
ADDR-01239,CUST-0111,7904 Maple Dr,,Houston,TX,28314,USA
ADDR-01240,CUST-0186,2113 Pine Rd,Apt 56,Los Angeles,CA,19211,USA
ADDR-01241,CUST-0285,1860 Cedar Ln,,Phoenix,AZ,22568,USA
ADDR-01242,CUST-0948,7034 Oak Ave,,El Paso,TX,84261,USA
ADDR-01243,CUST-0062,261 Main St,,Washington,DC,46329,USA
ADDR-01244,CUST-0292,7141 Oak Ave,,Washington,DC,89123,USA
ADDR-01245,CUST-0585,4470 Cedar Ln,,San Diego,CA,29884,USA
ADDR-01246,CUST-0024,9171 Cedar Ln,,San Diego,CA,32523,USA
ADDR-01247,CUST-0826,6379 Oak Ave,,New York,NY,31023,USA
ADDR-01248,CUST-0094,9459 Elm St,,Dallas,TX,73734,USA
ADDR-01249,CUST-0128,1667 Oak Ave,Apt 227,San Diego,CA,70228,USA
ADDR-01250,CUST-0625,2813 Oak Ave,Apt 287,Houston,TX,10415,USA
ADDR-01251,CUST-0245,5154 Maple Dr,,Washington,DC,60685,USA
ADDR-01252,CUST-0457,3596 Oak Ave,,Chicago,IL,63547,USA
ADDR-01253,CUST-0730,7376 Maple Dr,,Fort Worth,TX,90616,USA
ADDR-01254,CUST-0769,6328 Main St,,Dallas,TX,36886,USA
ADDR-01255,CUST-0903,8153 Maple Dr,Apt 537,Austin,TX,52215,USA
ADDR-01256,CUST-0022,8276 Cedar Ln,,Charlotte,NC,89502,USA
ADDR-01257,CUST-0211,6210 Oak Ave,Apt 616,Nashville,TN,99558,USA
ADDR-01258,CUST-0387,2858 Maple Dr,,Austin,TX,56303,USA
ADDR-01259,CUST-0415,4591 Oak Ave,Apt 921,San Diego,CA,59734,USA
ADDR-01260,CUST-0615,7795 Main St,,Denver,CO,41991,USA
ADDR-01261,CUST-0661,1159 Maple Dr,Apt 23,Fort Worth,TX,84928,USA
ADDR-01262,CUST-0354,5990 Maple Dr,,Columbus,OH,68369,USA
ADDR-01263,CUST-0932,7049 Main St,,Jacksonville,FL,39957,USA
ADDR-01264,CUST-0276,6106 Pine Rd,,Philadelphia,PA,38722,USA
ADDR-01265,CUST-0875,9692 Elm St,,Indianapolis,IN,35652,USA
ADDR-01266,CUST-0867,694 Maple Dr,,Oklahoma City,OK,39960,USA
ADDR-01267,CUST-0093,2701 Main St,,Seattle,WA,16562,USA
ADDR-01268,CUST-0257,1398 Cedar Ln,Apt 464,Phoenix,AZ,48424,USA
ADDR-01269,CUST-0146,7241 Pine Rd,Apt 191,San Diego,CA,63669,USA
ADDR-01270,CUST-0320,2830 Cedar Ln,,Chicago,IL,91388,USA
ADDR-01271,CUST-0054,9481 Elm St,Apt 893,Detroit,MI,33061,USA
ADDR-01272,CUST-0296,9077 Maple Dr,Apt 917,Philadelphia,PA,40965,USA
ADDR-01273,CUST-0018,3301 Cedar Ln,Apt 69,Oklahoma City,OK,23305,USA
ADDR-01274,CUST-0276,3028 Cedar Ln,,Charlotte,NC,82540,USA
ADDR-01275,CUST-0780,6144 Elm St,,Seattle,WA,34485,USA
ADDR-01276,CUST-0252,243 Pine Rd,Apt 785,Dallas,TX,77272,USA
ADDR-01277,CUST-0833,439 Cedar Ln,,Los Angeles,CA,61616,USA
ADDR-01278,CUST-0139,2836 Main St,,Phoenix,AZ,41709,USA
ADDR-01279,CUST-0883,6116 Cedar Ln,Apt 474,San Diego,CA,69630,USA
ADDR-01280,CUST-0180,1900 Elm St,,Boston,MA,89431,USA
ADDR-01281,CUST-0773,792 Main St,Apt 140,New York,NY,47644,USA
ADDR-01282,CUST-0472,8765 Maple Dr,,Fort Worth,TX,82130,USA
ADDR-01283,CUST-0555,6717 Cedar Ln,,Boston,MA,78112,USA
ADDR-01284,CUST-0363,9561 Elm St,Apt 415,Oklahoma City,OK,42955,USA
ADDR-01285,CUST-0537,6779 Oak Ave,,San Francisco,CA,26546,USA
ADDR-01286,CUST-0825,696 Oak Ave,,Jacksonville,FL,49117,USA
ADDR-01287,CUST-0119,6856 Maple Dr,,Jacksonville,FL,13129,USA
ADDR-01288,CUST-0323,8082 Oak Ave,Apt 221,Columbus,OH,93683,USA
ADDR-01289,CUST-0769,2511 Maple Dr,Apt 810,Oklahoma City,OK,28329,USA
ADDR-01290,CUST-0665,5047 Maple Dr,,New York,NY,39762,USA
ADDR-01291,CUST-0926,7293 Pine Rd,,Charlotte,NC,70975,USA
ADDR-01292,CUST-0381,3453 Maple Dr,,Los Angeles,CA,42160,USA
ADDR-01293,CUST-0971,2484 Elm St,Apt 303,Jacksonville,FL,16962,USA
ADDR-01294,CUST-0359,7720 Maple Dr,Apt 894,Columbus,OH,20239,USA
ADDR-01295,CUST-0613,4916 Pine Rd,Apt 565,San Francisco,CA,15311,USA
ADDR-01296,CUST-0957,7955 Main St,,San Antonio,TX,50677,USA
ADDR-01297,CUST-0945,8402 Oak Ave,,Houston,TX,29128,USA
ADDR-01298,CUST-0763,9301 Pine Rd,,Indianapolis,IN,38664,USA
ADDR-01299,CUST-0646,8637 Pine Rd,,Fort Worth,TX,53783,USA
ADDR-01300,CUST-0818,7641 Pine Rd,,San Jose,CA,58230,USA
ADDR-01301,CUST-0053,8570 Cedar Ln,,Charlotte,NC,73899,USA
ADDR-01302,CUST-0444,8520 Main St,,Seattle,WA,84232,USA
ADDR-01303,CUST-0519,1202 Oak Ave,Apt 387,Austin,TX,96588,USA
ADDR-01304,CUST-0732,7306 Elm St,Apt 274,Phoenix,AZ,28639,USA
ADDR-01305,CUST-0781,3316 Main St,,Dallas,TX,61694,USA
ADDR-01306,CUST-0226,786 Main St,,Phoenix,AZ,35492,USA
ADDR-01307,CUST-0429,9427 Oak Ave,,Phoenix,AZ,65956,USA
ADDR-01308,CUST-0561,9409 Pine Rd,Apt 216,New York,NY,18680,USA
ADDR-01309,CUST-0168,713 Pine Rd,Apt 806,Chicago,IL,38717,USA
ADDR-01310,CUST-0480,2813 Elm St,,Chicago,IL,97741,USA
ADDR-01311,CUST-0471,5715 Cedar Ln,Apt 382,San Francisco,CA,43827,USA
ADDR-01312,CUST-0591,9251 Cedar Ln,Apt 834,Detroit,MI,53332,USA
ADDR-01313,CUST-0647,5449 Cedar Ln,,El Paso,TX,87303,USA
ADDR-01314,CUST-0533,4670 Cedar Ln,Apt 252,San Diego,CA,12913,USA
ADDR-01315,CUST-0445,8019 Pine Rd,,Indianapolis,IN,49396,USA
ADDR-01316,CUST-0511,6730 Main St,Apt 308,Dallas,TX,23958,USA
ADDR-01317,CUST-0844,2524 Cedar Ln,,San Diego,CA,42602,USA
ADDR-01318,CUST-0476,2610 Main St,,Indianapolis,IN,57578,USA
ADDR-01319,CUST-0423,6651 Maple Dr,,San Jose,CA,20633,USA
ADDR-01320,CUST-0249,2761 Cedar Ln,,El Paso,TX,18692,USA
ADDR-01321,CUST-0794,5243 Main St,,Columbus,OH,30191,USA
ADDR-01322,CUST-0425,7852 Main St,,Jacksonville,FL,25496,USA
ADDR-01323,CUST-0316,3961 Maple Dr,Apt 504,Fort Worth,TX,87125,USA
ADDR-01324,CUST-0220,6740 Maple Dr,Apt 294,San Diego,CA,90028,USA
ADDR-01325,CUST-0824,2801 Pine Rd,,Austin,TX,87784,USA
ADDR-01326,CUST-0386,1457 Main St,,Detroit,MI,11112,USA
ADDR-01327,CUST-0154,8953 Maple Dr,,Chicago,IL,94930,USA
ADDR-01328,CUST-0156,941 Main St,,Los Angeles,CA,27495,USA
ADDR-01329,CUST-0299,6109 Elm St,,Nashville,TN,56825,USA
ADDR-01330,CUST-0683,9471 Main St,,San Jose,CA,53272,USA
ADDR-01331,CUST-0103,738 Cedar Ln,,Los Angeles,CA,90525,USA
ADDR-01332,CUST-0001,3249 Oak Ave,Apt 844,San Francisco,CA,24095,USA
ADDR-01333,CUST-0274,9821 Pine Rd,,Indianapolis,IN,19395,USA
ADDR-01334,CUST-0852,4760 Oak Ave,,Washington,DC,44076,USA
ADDR-01335,CUST-0162,8535 Main St,,San Diego,CA,47184,USA
ADDR-01336,CUST-0033,6545 Pine Rd,,Nashville,TN,71952,USA
ADDR-01337,CUST-0830,7513 Pine Rd,Apt 314,San Jose,CA,95654,USA
ADDR-01338,CUST-0723,6671 Maple Dr,Apt 241,San Jose,CA,97327,USA
ADDR-01339,CUST-0335,3549 Oak Ave,,Nashville,TN,30344,USA
ADDR-01340,CUST-0038,1401 Main St,,Houston,TX,29356,USA
ADDR-01341,CUST-0111,7455 Oak Ave,,Chicago,IL,47024,USA
ADDR-01342,CUST-0789,5551 Elm St,,San Diego,CA,73123,USA
ADDR-01343,CUST-0446,6815 Main St,Apt 685,El Paso,TX,82367,USA
ADDR-01344,CUST-0747,9728 Pine Rd,Apt 215,San Francisco,CA,96007,USA
ADDR-01345,CUST-0035,6067 Oak Ave,,Jacksonville,FL,18658,USA
ADDR-01346,CUST-0051,614 Pine Rd,,San Francisco,CA,70752,USA
ADDR-01347,CUST-0675,6612 Elm St,Apt 461,Phoenix,AZ,52848,USA
ADDR-01348,CUST-0764,7019 Elm St,,Oklahoma City,OK,84261,USA
ADDR-01349,CUST-0889,3114 Main St,Apt 169,Dallas,TX,64499,USA
ADDR-01350,CUST-0096,8077 Pine Rd,,Phoenix,AZ,41460,USA
ADDR-01351,CUST-0526,9994 Maple Dr,Apt 930,San Antonio,TX,33660,USA
ADDR-01352,CUST-0428,729 Main St,,Nashville,TN,54952,USA
ADDR-01353,CUST-0820,6211 Pine Rd,,San Francisco,CA,75677,USA
ADDR-01354,CUST-0207,3558 Oak Ave,,El Paso,TX,76188,USA
ADDR-01355,CUST-0281,8797 Maple Dr,Apt 605,Washington,DC,90245,USA
ADDR-01356,CUST-0202,7226 Elm St,Apt 466,Detroit,MI,87460,USA
ADDR-01357,CUST-0561,4854 Cedar Ln,Apt 468,Los Angeles,CA,47288,USA
ADDR-01358,CUST-0341,393 Maple Dr,,Chicago,IL,72195,USA
ADDR-01359,CUST-0850,6936 Maple Dr,Apt 624,Denver,CO,40270,USA
ADDR-01360,CUST-0946,5263 Cedar Ln,,Dallas,TX,49358,USA
ADDR-01361,CUST-0913,734 Oak Ave,,Denver,CO,43310,USA
ADDR-01362,CUST-0405,4447 Main St,,Los Angeles,CA,39071,USA
ADDR-01363,CUST-0975,7460 Oak Ave,,Columbus,OH,16260,USA
ADDR-01364,CUST-0982,1346 Pine Rd,,Seattle,WA,64624,USA
ADDR-01365,CUST-0017,8320 Elm St,Apt 656,San Jose,CA,88675,USA
ADDR-01366,CUST-0680,938 Maple Dr,Apt 219,Seattle,WA,96676,USA
ADDR-01367,CUST-0566,4811 Main St,Apt 948,Fort Worth,TX,83499,USA
ADDR-01368,CUST-0744,5483 Oak Ave,,San Antonio,TX,11862,USA
ADDR-01369,CUST-0702,7136 Main St,,San Diego,CA,72896,USA
ADDR-01370,CUST-0022,1729 Oak Ave,Apt 749,Dallas,TX,32154,USA
ADDR-01371,CUST-0674,4889 Elm St,,Philadelphia,PA,65895,USA
ADDR-01372,CUST-0209,2785 Pine Rd,,San Jose,CA,50565,USA
ADDR-01373,CUST-0556,9089 Elm St,,Phoenix,AZ,25917,USA
ADDR-01374,CUST-0874,154 Oak Ave,,Oklahoma City,OK,45396,USA
ADDR-01375,CUST-0989,3032 Main St,Apt 346,Houston,TX,75596,USA
ADDR-01376,CUST-0785,8858 Maple Dr,,San Francisco,CA,97555,USA
ADDR-01377,CUST-0630,4659 Main St,,Chicago,IL,56299,USA
ADDR-01378,CUST-0181,6455 Oak Ave,,Dallas,TX,12389,USA
ADDR-01379,CUST-0933,1515 Main St,,Austin,TX,31016,USA
ADDR-01380,CUST-0535,8862 Oak Ave,,Oklahoma City,OK,92781,USA
ADDR-01381,CUST-0360,588 Pine Rd,Apt 812,Oklahoma City,OK,66675,USA
ADDR-01382,CUST-0107,8495 Maple Dr,,San Antonio,TX,91405,USA
ADDR-01383,CUST-0653,8020 Cedar Ln,Apt 69,Detroit,MI,39720,USA
ADDR-01384,CUST-0855,8199 Cedar Ln,Apt 397,Austin,TX,94217,USA
ADDR-01385,CUST-0378,3362 Main St,,San Antonio,TX,10487,USA
ADDR-01386,CUST-0585,5923 Main St,Apt 957,Jacksonville,FL,95028,USA
ADDR-01387,CUST-0347,6908 Elm St,Apt 993,Austin,TX,70749,USA
ADDR-01388,CUST-0088,2296 Main St,,Seattle,WA,25269,USA
ADDR-01389,CUST-0608,2324 Maple Dr,,Seattle,WA,54656,USA
ADDR-01390,CUST-0123,632 Elm St,,San Jose,CA,80396,USA
ADDR-01391,CUST-0842,7073 Pine Rd,,Houston,TX,17197,USA
ADDR-01392,CUST-0962,5018 Elm St,Apt 141,Nashville,TN,43853,USA
ADDR-01393,CUST-0836,6319 Oak Ave,,Columbus,OH,19751,USA
ADDR-01394,CUST-0999,8799 Pine Rd,,San Jose,CA,49298,USA
ADDR-01395,CUST-0417,472 Main St,Apt 336,Philadelphia,PA,22199,USA
ADDR-01396,CUST-0891,2351 Cedar Ln,,Houston,TX,57517,USA
ADDR-01397,CUST-0117,1659 Pine Rd,Apt 326,Houston,TX,33936,USA
ADDR-01398,CUST-0591,3578 Cedar Ln,Apt 238,Los Angeles,CA,46243,USA
ADDR-01399,CUST-0319,9114 Cedar Ln,Apt 82,Nashville,TN,81950,USA
ADDR-01400,CUST-0958,9559 Elm St,,Seattle,WA,96232,USA
ADDR-01401,CUST-0305,1745 Maple Dr,Apt 42,San Jose,CA,65072,USA
ADDR-01402,CUST-0096,5560 Pine Rd,Apt 141,Chicago,IL,22362,USA
ADDR-01403,CUST-0972,9738 Main St,,San Francisco,CA,15573,USA
ADDR-01404,CUST-0481,6016 Maple Dr,,Dallas,TX,30815,USA
ADDR-01405,CUST-0606,9294 Oak Ave,,Philadelphia,PA,34265,USA
ADDR-01406,CUST-0665,9422 Elm St,Apt 646,New York,NY,71645,USA
ADDR-01407,CUST-0224,2175 Oak Ave,Apt 842,El Paso,TX,76805,USA
ADDR-01408,CUST-0245,6783 Main St,,Dallas,TX,85588,USA
ADDR-01409,CUST-0814,3172 Maple Dr,,Los Angeles,CA,66324,USA
ADDR-01410,CUST-0217,6464 Oak Ave,Apt 300,Jacksonville,FL,27853,USA
ADDR-01411,CUST-0415,9779 Maple Dr,Apt 295,Dallas,TX,42640,USA
ADDR-01412,CUST-0632,2142 Elm St,,Boston,MA,89332,USA
ADDR-01413,CUST-0510,123 Main St,,San Antonio,TX,43152,USA
ADDR-01414,CUST-0708,2200 Cedar Ln,,Boston,MA,86048,USA
ADDR-01415,CUST-0123,4176 Oak Ave,Apt 237,San Diego,CA,16103,USA
ADDR-01416,CUST-0749,1282 Elm St,,San Antonio,TX,46247,USA
ADDR-01417,CUST-0983,1945 Cedar Ln,,San Antonio,TX,24519,USA
ADDR-01418,CUST-0850,325 Maple Dr,,San Antonio,TX,68598,USA
ADDR-01419,CUST-0148,2508 Elm St,,Houston,TX,58333,USA
ADDR-01420,CUST-0333,6835 Maple Dr,,El Paso,TX,46053,USA
ADDR-01421,CUST-0455,3402 Elm St,,Fort Worth,TX,56291,USA
ADDR-01422,CUST-0193,4077 Maple Dr,,Dallas,TX,67337,USA
ADDR-01423,CUST-0051,4230 Main St,,Philadelphia,PA,18048,USA
ADDR-01424,CUST-0801,1076 Elm St,,San Jose,CA,36717,USA
ADDR-01425,CUST-0424,1909 Pine Rd,,Dallas,TX,33207,USA
ADDR-01426,CUST-0437,325 Maple Dr,Apt 543,Chicago,IL,86871,USA
ADDR-01427,CUST-0466,5799 Pine Rd,,Charlotte,NC,36335,USA
ADDR-01428,CUST-0705,4615 Maple Dr,Apt 277,Philadelphia,PA,72960,USA
ADDR-01429,CUST-0226,7278 Oak Ave,,San Diego,CA,94570,USA
ADDR-01430,CUST-0498,6400 Oak Ave,Apt 565,Indianapolis,IN,94133,USA
ADDR-01431,CUST-0957,2470 Main St,,Jacksonville,FL,78423,USA
ADDR-01432,CUST-0261,1719 Pine Rd,Apt 529,San Jose,CA,62915,USA
ADDR-01433,CUST-0021,1131 Cedar Ln,Apt 110,San Diego,CA,47068,USA
ADDR-01434,CUST-0259,4102 Elm St,Apt 877,Washington,DC,85289,USA
ADDR-01435,CUST-0819,8782 Oak Ave,,Indianapolis,IN,10441,USA
ADDR-01436,CUST-0153,420 Pine Rd,Apt 789,Seattle,WA,65014,USA
ADDR-01437,CUST-0582,5691 Main St,,Philadelphia,PA,24216,USA
ADDR-01438,CUST-0751,5119 Elm St,Apt 258,Nashville,TN,45643,USA
ADDR-01439,CUST-0601,3368 Elm St,,Washington,DC,84083,USA
ADDR-01440,CUST-0578,5947 Main St,,Washington,DC,35725,USA
ADDR-01441,CUST-0912,4112 Pine Rd,,Austin,TX,56777,USA
ADDR-01442,CUST-0483,4051 Cedar Ln,,San Diego,CA,66468,USA
ADDR-01443,CUST-0981,9314 Main St,,Houston,TX,84076,USA
ADDR-01444,CUST-0918,2344 Oak Ave,,Los Angeles,CA,36864,USA
ADDR-01445,CUST-0479,6856 Cedar Ln,Apt 75,Houston,TX,99254,USA
ADDR-01446,CUST-1000,9087 Maple Dr,Apt 227,Detroit,MI,38119,USA
ADDR-01447,CUST-0224,6176 Main St,,New York,NY,87004,USA
ADDR-01448,CUST-0419,2070 Pine Rd,,Charlotte,NC,37405,USA
ADDR-01449,CUST-0096,5683 Oak Ave,,Chicago,IL,42809,USA
ADDR-01450,CUST-0811,9902 Cedar Ln,Apt 961,Oklahoma City,OK,41615,USA
ADDR-01451,CUST-0046,7898 Elm St,,Philadelphia,PA,96153,USA
ADDR-01452,CUST-0776,204 Maple Dr,Apt 222,Columbus,OH,53351,USA
ADDR-01453,CUST-0103,1553 Cedar Ln,,Denver,CO,46394,USA
ADDR-01454,CUST-0001,7097 Elm St,,Jacksonville,FL,69291,USA
ADDR-01455,CUST-0570,2791 Main St,Apt 643,Denver,CO,12799,USA
ADDR-01456,CUST-0684,4609 Oak Ave,,Philadelphia,PA,40699,USA
ADDR-01457,CUST-0756,840 Elm St,,San Antonio,TX,35905,USA
ADDR-01458,CUST-0136,4933 Maple Dr,,Charlotte,NC,39573,USA
ADDR-01459,CUST-0634,2303 Main St,,Detroit,MI,36760,USA
ADDR-01460,CUST-0376,5008 Elm St,,Nashville,TN,18292,USA
ADDR-01461,CUST-0854,2706 Maple Dr,,Philadelphia,PA,59091,USA
ADDR-01462,CUST-0036,8833 Oak Ave,,Columbus,OH,24224,USA
ADDR-01463,CUST-0087,2681 Oak Ave,,Columbus,OH,24213,USA
ADDR-01464,CUST-0446,3856 Elm St,Apt 273,Nashville,TN,78191,USA
ADDR-01465,CUST-0731,9193 Elm St,,Denver,CO,86758,USA
ADDR-01466,CUST-0338,7522 Oak Ave,Apt 609,Seattle,WA,96575,USA
ADDR-01467,CUST-0581,3632 Maple Dr,,Washington,DC,68336,USA
ADDR-01468,CUST-0286,5272 Pine Rd,,Detroit,MI,12625,USA
ADDR-01469,CUST-0201,6748 Pine Rd,,Seattle,WA,70931,USA
ADDR-01470,CUST-0950,1591 Cedar Ln,,Nashville,TN,26617,USA
ADDR-01471,CUST-0923,981 Oak Ave,Apt 547,Houston,TX,83408,USA
ADDR-01472,CUST-0491,6565 Elm St,,Detroit,MI,27723,USA
ADDR-01473,CUST-0055,8586 Oak Ave,,San Diego,CA,26571,USA
ADDR-01474,CUST-0247,931 Cedar Ln,Apt 557,Chicago,IL,41653,USA
ADDR-01475,CUST-0552,9148 Main St,,Seattle,WA,22260,USA
ADDR-01476,CUST-0266,4378 Pine Rd,,Philadelphia,PA,15769,USA
ADDR-01477,CUST-0438,8136 Oak Ave,,San Diego,CA,93394,USA
ADDR-01478,CUST-0092,8586 Oak Ave,,Chicago,IL,65328,USA
ADDR-01479,CUST-0739,9057 Main St,Apt 330,Charlotte,NC,31578,USA
ADDR-01480,CUST-0698,4627 Pine Rd,,Oklahoma City,OK,11511,USA
ADDR-01481,CUST-0799,547 Elm St,,Detroit,MI,13977,USA
ADDR-01482,CUST-0086,5383 Oak Ave,Apt 828,Boston,MA,86787,USA
ADDR-01483,CUST-0084,1453 Elm St,,Houston,TX,67537,USA
ADDR-01484,CUST-0803,8931 Elm St,,Boston,MA,89281,USA
ADDR-01485,CUST-0027,2553 Pine Rd,,El Paso,TX,25093,USA
ADDR-01486,CUST-0814,8357 Elm St,,San Jose,CA,44184,USA
ADDR-01487,CUST-0164,1493 Cedar Ln,Apt 615,El Paso,TX,85547,USA
ADDR-01488,CUST-0553,7911 Pine Rd,,Oklahoma City,OK,20040,USA
ADDR-01489,CUST-0155,2979 Pine Rd,,Los Angeles,CA,51171,USA
ADDR-01490,CUST-0389,7782 Main St,,Charlotte,NC,13440,USA
ADDR-01491,CUST-0046,9917 Main St,,Dallas,TX,42192,USA
ADDR-01492,CUST-0387,5758 Elm St,,Jacksonville,FL,77618,USA
ADDR-01493,CUST-0282,8784 Oak Ave,,Denver,CO,26114,USA
ADDR-01494,CUST-0242,6866 Oak Ave,Apt 524,San Diego,CA,52158,USA
ADDR-01495,CUST-0379,902 Pine Rd,,Philadelphia,PA,85605,USA
ADDR-01496,CUST-0385,786 Cedar Ln,Apt 641,San Francisco,CA,16951,USA
ADDR-01497,CUST-0417,3506 Oak Ave,,Washington,DC,83172,USA
ADDR-01498,CUST-0472,5917 Main St,Apt 798,Boston,MA,78920,USA
ADDR-01499,CUST-0190,2160 Main St,,Los Angeles,CA,26044,USA
ADDR-01500,CUST-0887,6517 Pine Rd,Apt 128,Seattle,WA,79375,USA
